TIPO_DATO;DIRECCION_COMPLETA;DIRECCION AUXILIAR;CLASE_VIAL;NOMBRE_VIAL;TIPO_NÚMERO;NÚMERO;COD_DISTRITO;DISTRITO;UTMX;UTMY;LATITUD;LONGITUD;DÍA SEMANA;TURNO;HORA INICIO;HORA FINAL;URL GOOGLE MAPS;RESIDUOS ADMISIBLES
Punto Limpio Móvil;Calle Arrieta, 15 ;;Calle;Arrieta;número;15;1;CENTRO;439675,80;4474526,50;40.41918013;-3.711069993;Martes;Mañana;10:30;12:00;https://goo.gl/maps/w4y1woxHyhGsQCZv9;http://run.gob.es/PuntoMOVILResiduos
Punto Limpio Móvil;Calle Barquillo, 4 ;;Calle;Barquillo;número;4;1;CENTRO;440994,61;4474572,62;40.41969013;-3.695529994;Sabado;Mañana;7:00;8:30;https://goo.gl/maps/hsHdwffQauSr7Y4aA;http://run.gob.es/PuntoMOVILResiduos
Punto Limpio Móvil;Plaza Cebada, 5-7 ;;Plaza;Cebada;número;5-7;1;CENTRO;439790,02;4473664,08;40.41132;-3.70927;Sabado;Tarde;14:00;15:30;https://goo.gl/maps/5r6sz7QbmnXoXr8B9;http://run.gob.es/PuntoMOVILResiduos
Punto Limpio Móvil;Calle Conde Duque, 30 ;;Calle;Conde Duque;número;30;1;CENTRO;439762,85;4475482,28;40.42779649;-3.710134496;Martes;Mañana;7:00;8:30;https://goo.gl/maps/jGjBMu8PS57ZCmaG9;http://run.gob.es/PuntoMOVILResiduos
Punto Limpio Móvil;Glorieta Embajadores, 10 esquina calle Embajadores;esquina calle Embajadores;Glorieta;Embajadores;número;10;1;CENTRO;440360,07;4472982,46;40.40532;-3.70286;Sabado;Tarde;17:30;19:00;https://goo.gl/maps/Q1UWpobP3KfTyDSh8;http://run.gob.es/PuntoMOVILResiduos
Punto Limpio Móvil;Calle Espíritu Santo, 26 Entro los números 26 y 28. Zona de carga y descarga;Entro los números 26 y 28. Zona de carga y descarga;Calle;Espíritu Santo;número;26;1;CENTRO;440311,69;4475218,53;40.42546013;-3.703639993;Sabado;Tarde;15:45;17:15;https://goo.gl/maps/uWkwCSk8FyKt47k3A;http://run.gob.es/PuntoMOVILResiduos
Punto Limpio Móvil;Plaza Lavapiés, 8 Zona de carga y descarga;Zona de carga y descarga;Plaza;Lavapiés;número;8;1;CENTRO;440499,65;4473354,35;40.40868013;-3.701249994;Sabado;Tarde;15:45;17:15;* parada sin placas;http://run.gob.es/PuntoMOVILResiduos
Punto Limpio Móvil;Calle Lope de Vega,  Frente al número 36;Frente al número 36;Calle;Lope de Vega;número;;1;CENTRO;440827,07;4473984,49;40.41438013;-3.697449994;Sabado;Mañana;8:45;10:15;https://goo.gl/maps/EFj65q8ucc6CY2Et7;http://run.gob.es/PuntoMOVILResiduos
Punto Limpio Móvil;Plaza Mayor, 29-30 Salida Calle Ciudad Rodrigo;Salida Calle Ciudad Rodrigo;Plaza;Mayor;número;29-30;1;CENTRO;440026,35;4474142,61;40.41574723;-3.706902053;Sabado;Mañana;10:30;12:00;* parada sin placas;http://run.gob.es/PuntoMOVILResiduos
Punto Limpio Móvil;Calle Príncipe, 18 ;;Calle;Príncipe;número;18;1;CENTRO;440580,55;4474086,94;40.41528547;-3.700364984;Martes;Tarde;15:45;17:15;https://goo.gl/maps/KiKKZ6x7jNVcx49DA;http://run.gob.es/PuntoMOVILResiduos
Punto Limpio Móvil;Calle Ribera de Curtidores, 37- (A, B, C) ;;Calle;Ribera de Curtidores;número;37- (A, B, C);1;CENTRO;439996,74;4473123,76;40.40656682;-3.707154966;Martes;Tarde;19:15;20:45;https://goo.gl/maps/jKvzJjt2WLoBHpaP6;http://run.gob.es/PuntoMOVILResiduos
Punto Limpio Móvil;Glorieta Ruíz Jiménez, 8 ;;Glorieta;Ruíz Jiménez;número;8;1;CENTRO;440138,36;4475639,72;40.42924193;-3.705722844;Martes;Mañana;8:45;10:15;https://goo.gl/maps/jC96v18jidiyDNcG6;http://run.gob.es/PuntoMOVILResiduos
Punto Limpio Móvil;Plaza Santa Bárbara, 5 ;;Plaza;Santa Bárbara;número;5;1;CENTRO;440928,63;4475438,21;40.42748313;-3.696388041;Martes;Tarde;14:00;15:30;* parada sin placas;http://run.gob.es/PuntoMOVILResiduos
Punto Limpio Móvil;Calle Santa Isabel, 47 ;;Calle;Santa Isabel;número;47;1;CENTRO;440935,10;4473450,87;40.40958069;-3.696127206;Martes;Mañana;12:15;13:45;https://goo.gl/maps/jrMy4KLHSRpFJicAA;http://run.gob.es/PuntoMOVILResiduos
Punto Limpio Móvil;Calle Segovia, 20 ;;Calle;Segovia;número;20;1;CENTRO;439571,88;4473948,99;40.41397013;-3.712239993;Martes;Tarde;17:30;19:00;https://goo.gl/maps/oWQY9oYVm3vqaZiz7;http://run.gob.es/PuntoMOVILResiduos
Punto Limpio Móvil;Calle Silva, 25 ;;Calle;Silva;número;25;1;CENTRO;440134,50;4474823,78;40.4218911;-3.705691;Sabado;Tarde;17:30;19:00;https://goo.gl/maps/VFLh7j4Vt9TgtGhD7;http://run.gob.es/PuntoMOVILResiduos
Punto Limpio Móvil;Plaza Tirso de Molina, 16 Zona de carga y descarga;Zona de carga y descarga;Plaza;Tirso de Molina;número;16;1;CENTRO;440221,41;4473790,59;40.41259013;-3.704569993;Sabado;Mañana;12:15;13:45;https://goo.gl/maps/enH2do3NNP6R6r9EA;http://run.gob.es/PuntoMOVILResiduos
Punto Limpio Móvil;Calle Arganda, 2 Frente al número 2;Frente al número 2;Calle;Arganda;número;2;2;ARGANZUELA;439813,61;4472287,38;40.399104;-3.709351;Martes;Tarde;15:45;17:15;https://goo.gl/maps/vfkKwKzh38w9AcEk9;http://run.gob.es/PuntoMOVILResiduos
Punto Limpio Móvil;calle Bustamante , 16 Edificio Ayuntamiento de Madrid;Edificio Ayuntamiento de Madrid;calle;Bustamante ;número;16;2;ARGANZUELA;441594,58;4472433,27;40.4004601355331;-3.68826187102883;Jueves;Mañana;8:45;10:15;https://goo.gl/maps/46a62zrKugFiZAGt7;http://run.gob.es/PuntoMOVILResiduos
Punto Limpio Móvil;calle Cerro de la Plata, 3 EMT;EMT;calle;Cerro de la Plata;número;3;2;RETIRO;442752,58;4472399,10;40.4002327303121;-3.6746135863849;Martes;Mañana;12:15;13:45;https://goo.gl/maps/uwez9NFY51Pk84PV6;http://run.gob.es/PuntoMOVILResiduos
Punto Limpio Móvil;Paseo Chopera, 12 ;;Paseo;Chopera;número;12;2;ARGANZUELA;440756,12;4471631,64;40.39317945;-3.698067172;Sabado;Tarde;15:45;17:15;https://goo.gl/maps/bBSmZXK7o3E6tUu39;http://run.gob.es/PuntoMOVILResiduos
Punto Limpio Móvil;Calle Cobre,  Frente al número 5;Frente al número 5;Calle;Cobre;numero;;2;ARGANZUELA;441506,60;4471686,88;40.39373013;-3.689229994;Martes;Tarde;17:30;19:00;https://goo.gl/maps/mJnrT377bHTyQduM7;http://run.gob.es/PuntoMOVILResiduos
Punto Limpio Móvil;Paseo Delicias, 68 ;;Paseo;Delicias;número;68;2;ARGANZUELA;441080,38;4472315,18;40.39936013;-3.694309994;Martes;Mañana;12:15;13:45;https://goo.gl/maps/ogz3E1t6a8xkGotG6;http://run.gob.es/PuntoMOVILResiduos
Punto Limpio Móvil;Paseo Delicias, 24 ;;Paseo;Delicias;número;24;2;ARGANZUELA;441144,57;4472990,16;40.4054452;-3.693616009;Sabado;Mañana;12:15;13:45;https://goo.gl/maps/LtHjiwVY5GzGB1dWA;http://run.gob.es/PuntoMOVILResiduos
Punto Limpio Móvil;Paseo Delicias, 122 ;;Paseo;Delicias;número;122;2;ARGANZUELA;441031,38;4471817,71;40.39487516;-3.694841268;Sabado;Tarde;14:00;15:30;https://goo.gl/maps/GeCJxWDuwCMHGhps8;http://run.gob.es/PuntoMOVILResiduos
Punto Limpio Móvil;Calle Embajadores, 274 ;;Calle;Embajadores;número;274;2;ARGANZUELA;441501,17;4470772,24;40.38549013;-3.689209994;Martes;Tarde;19:15;20:45;https://goo.gl/maps/WRkxZoki5CFQdR3J7;http://run.gob.es/PuntoMOVILResiduos
Punto Limpio Móvil;Paseo Esperanza, 21 ;;Paseo;Esperanza;número;21;2;ARGANZUELA;440234,97;4472511,69;40.40107013;-3.704289993;Martes;Mañana;8:45;10:15;https://goo.gl/maps/fEUPTPr6N532vPaJ6;http://run.gob.es/PuntoMOVILResiduos
Punto Limpio Móvil;Calle Fernando Poo, 36 Frente, esquina Divino Vallés;Frente, esquina Divino Vallés;Calle;Fernando Poo;número;36;2;ARGANZUELA;440606,99;4472014,76;40.39662013;-3.699859994;Martes;Mañana;10:30;12:00;https://goo.gl/maps/Kt4QsTjhEvtr7bpWA;http://run.gob.es/PuntoMOVILResiduos
Punto Limpio Móvil;Plaza Francisco Morano, 3 En la rotonda entre las salidas de Paseo Imperial y Paseo de los Pontones;En la rotonda entre las salidas de Paseo Imperial y Paseo de los Pontones;Plaza;Francisco Morano;número;3;2;ARGANZUELA;439221,37;4472922,62;40.4046986;-3.716273022;Sabado;Tarde;19:15;20:45;https://goo.gl/maps/75kziLvnCz94qUyS8;http://run.gob.es/PuntoMOVILResiduos
Punto Limpio Móvil;Calle Fray Luis de León,  Intersección con Calle Juan Sebastian Elcano, 17;Intersección con Calle Juan Sebastian Elcano, 17;Calle;Fray Luis de León;número;;2;ARGANZUELA;440713,46;4472921,95;40.40480013;-3.698689994;Martes;Tarde;14:00;15:30;https://goo.gl/maps/KZYz5HmCzbU2fr738;http://run.gob.es/PuntoMOVILResiduos
Punto Limpio Móvil;Paseo Juan Antonio Vallejo-Nájera Botas,  Intersección con Plaza Ortega y Munilla, detrás de la entrada a la estación de Cercanías de Pirámides;Intersección con Plaza Ortega y Munilla, detrás de la entrada a la estación de Cercanías de Pirámides;Paseo;Juan Antonio Vallejo-Nájera Botas;número;;2;ARGANZUELA;439635,23;4472715,18;40.40285996;-3.711376364;Sabado;Tarde;17:30;19:00;https://goo.gl/maps/wKYt7Xd9bux4S4w67;http://run.gob.es/PuntoMOVILResiduos
Punto Limpio Móvil;Calle Juan Duque,  Intersección con Calle Fósforo;Intersección con Calle Fósforo;Calle;Juan Duque;número;;2;ARGANZUELA;438941,39;4473524,50;40.41010013;-3.719629993;Martes;Mañana;7:00;8:30;https://goo.gl/maps/hEdUyKzgzfT8U4o77;http://run.gob.es/PuntoMOVILResiduos
Punto Limpio Móvil;Plaza Legazpi, 5 Intersección con Paseo del Molino;Intersección con Paseo del Molino;Plaza;Legazpi;número;5;2;ARGANZUELA;441030,60;4471362,47;40.3907741;-3.694808258;Sabado;Mañana;8:45;10:15;https://goo.gl/maps/Myt2ASzDH9eYcoCP9;http://run.gob.es/PuntoMOVILResiduos
Punto Limpio Móvil;calle Méndez Álvaro, 1 Puerta de Atocha;Puerta de Atocha;calle;Méndez Álvaro;número;1;2;ARGANZUELA;441255,97;4473136,22;40.4067688513445;-3.69231672404241;Martes;Mañana;10:30;12:00;https://goo.gl/maps/GzyZ7Bh2NnF6EWNP8;http://run.gob.es/PuntoMOVILResiduos
Punto Limpio Móvil;calle Méndez Álvaro, 44 edficio Repsol;edficio Repsol;calle;Méndez Álvaro;número;44;2;ARGANZUELA;441966,39;4472215,35;40.3985229910894;-3.68386081508759;Jueves;Mañana;7:00;8:30;https://goo.gl/maps/xKTu8EzA6uiaBkfeA;http://run.gob.es/PuntoMOVILResiduos
Punto Limpio Móvil;Paseo Santa María de la Cabeza, 64 ;;Paseo;Santa María de la Cabeza;número;64;2;ARGANZUELA;440610,31;4472447,21;40.40051605;-3.699861192;Sabado;Mañana;10:30;12:00;https://goo.gl/maps/phm6hfmjiaYokQdj7;http://run.gob.es/PuntoMOVILResiduos
Punto Limpio Móvil;Calle Amado Nervo,  Frente al número 12;Frente al número 12;Calle;Amado Nervo;;;3;RETIRO;442788,50;4473396,48;40.40922013;-3.674279994;Jueves;Mañana;10:30;12:00;https://goo.gl/maps/QGDyYczjZW5JxKRRA;http://run.gob.es/PuntoMOVILResiduos
Punto Limpio Móvil;Calle Doctor Esquerdo, 152 ;;Calle;Doctor Esquerdo;número;152;3;RETIRO;442898,22;4472780,66;40.40368003;-3.672931679;Lunes;Mañana;12:15;13:45;https://goo.gl/maps/p6aiU1kfmzm9jxvw8;http://run.gob.es/PuntoMOVILResiduos
Punto Limpio Móvil;Calle Doctor Esquerdo, 94 Esquina Avenida de Nazaret, frente al número 125;Esquina Avenida de Nazaret, frente al número 125;Calle;Doctor Esquerdo;número;94;3;RETIRO;443159,45;4473673,17;40.41173813;-3.669933119;Lunes;Tarde;15:45;17:15;https://goo.gl/maps/4dNMYPb1JZJ7Gccy7;http://run.gob.es/PuntoMOVILResiduos
Punto Limpio Móvil;Calle Estrella Polar, 22 ;;Calle;Estrella Polar;número;22;3;RETIRO;443476,57;4473573,20;40.41085914;-3.666186786;Lunes;Mañana;7:00;8:30;https://goo.gl/maps/WPowABk8oHt5CrAd6;http://run.gob.es/PuntoMOVILResiduos
Punto Limpio Móvil;Calle Ibiza, 60 ;;Calle;Ibiza;número;60;3;RETIRO;443060,56;4474360,16;40.41792013;-3.671159994;Jueves;Mañana;8:45;10:15;https://goo.gl/maps/sQ2x3ZTTaLR7akUcA;http://run.gob.es/PuntoMOVILResiduos
Punto Limpio Móvil;Calle Marqués de Lozoya,  Frente al número 26;Frente al número 26;Calle;Marqués de Lozoya;número;;3;RETIRO;443735,01;4474353,96;40.41791013;-3.663209994;Jueves;Mañana;7:00;8:30;https://goo.gl/maps/ne2KAZXswSBAJPZ3A;http://run.gob.es/PuntoMOVILResiduos
Punto Limpio Móvil;Avenida Menéndez Pelayo,  Frente al número 29, en la acera de El Retiro;Frente al número 29, en la acera de El Retiro;Avenida;Menéndez Pelayo;número;;3;RETIRO;442393,46;4474445,91;40.41864668;-3.679030573;Lunes;Mañana;8:45;10:15;https://goo.gl/maps/1QRYeYgcLEcB2s7j6;http://run.gob.es/PuntoMOVILResiduos
Punto Limpio Móvil;Avenida Menéndez Pelayo, 95 ;;Avenida;Menéndez Pelayo;número;95;3;RETIRO;442376,92;4473120,55;40.40670603;-3.679105448;Lunes;Mañana;10:30;12:00;https://goo.gl/maps/qWevta69eYaKAhGGA;http://run.gob.es/PuntoMOVILResiduos
Punto Limpio Móvil;calle Montalbán, 7-9 Edificio Ayuntamiento de Madrid;Edificio Ayuntamiento de Madrid;calle;Montalbán;número;7-9;3;RETIRO;441449,91;4474405,04;40.4182126836302;-3.69014800469709;Martes;Mañana;8:45;10:15;https://goo.gl/maps/PiNCz8MMgnLAd6bBA;http://run.gob.es/PuntoMOVILResiduos
Punto Limpio Móvil;Calle Narváez, 82 ;;Calle;Narváez;número;82;3;RETIRO;442600,30;4474216,15;40.41659121;-3.676571862;Lunes;Tarde;17:30;19:00;https://goo.gl/maps/pBnU3fRkigSBmp59A;http://run.gob.es/PuntoMOVILResiduos
Punto Limpio Móvil;Paseo Reina Cristina,  Frente al número 5, intersección a la Calle Julián Gayarre;Frente al número 5, intersección a la Calle Julián Gayarre;Paseo;Reina Cristina;número;;3;RETIRO;442007,41;4473121,63;40.40669013;-3.683459994;Jueves;Tarde;14:00;15:30;https://goo.gl/maps/6P4XKnqRqActVTJv7;http://run.gob.es/PuntoMOVILResiduos
Punto Limpio Móvil;Calle Saliente,  Frente al número 10;Frente al número 10;Calle;Saliente;número;;3;RETIRO;443446,55;4474466,02;40.41890013;-3.666619994;Lunes;Tarde;19:15;20:45;https://goo.gl/maps/dpvjjibPUsLzbR2G9;http://run.gob.es/PuntoMOVILResiduos
Punto Limpio Móvil;Calle Seco, 2 ;;Calle;Seco;número;2;3;RETIRO;442978,33;4472290,07;40.39926602;-3.671943717;Lunes;Tarde;14:00;15:30;https://goo.gl/maps/dkrMKUpKNkqotwMR6;http://run.gob.es/PuntoMOVILResiduos
Punto Limpio Móvil;Calle Téllez, 26 Intersección con Calle León Gil Palacio;Intersección con Calle León Gil Palacio;Calle;Téllez;número;26;3;RETIRO;442345,67;4472637,26;40.40235013;-3.679429994;Jueves;Tarde;15:45;17:15;https://goo.gl/maps/tbaXsYk2z1tBbCzi7;http://run.gob.es/PuntoMOVILResiduos
Punto Limpio Móvil;Calle Valderribas, 25 C ;;Calle;Valderribas;número;25 C;3;RETIRO;443125,43;4472621,32;40.40226013;-3.670239994;Jueves;Mañana;12:15;13:45;https://goo.gl/maps/uuupudVvbyKBAKm5A;http://run.gob.es/PuntoMOVILResiduos
Punto Limpio Móvil;Calle Alcalá, 237 Junto a Plaza de Toros de las Ventas;Junto a Plaza de Toros de las Ventas;Calle;Alcalá;número;237;4;SALAMANCA;443683,25;4475825,97;40.43116732;-3.663950523;Jueves;Tarde;17:30;19:00;* parada sin placas;http://run.gob.es/PuntoMOVILResiduos
Punto Limpio Móvil;calle Alcalde Sainz de Baranda , 92 frente. (Fachada Parque Fuente del Berro).;frente. (Fachada Parque Fuente del Berro).;calle;Alcalde Sainz de Baranda ;número;92;4;SALAMANCA;443788,85;4474709,95;40.4211207544295;-3.66260692996813;Jueves;Mañana;10:30;12:00;https://goo.gl/maps/JdEsKxXEffHyX3GC8;http://run.gob.es/PuntoMOVILResiduos
Punto Limpio Móvil;Calle Berlín, 3 ;;Calle;Berlín;número;3;4;SALAMANCA;443741,93;4476969,20;40.44147013;-3.663359994;Sabado;Tarde;14:00;15:30;https://goo.gl/maps/7Z8VnM61f3ZyvZRJ6;http://run.gob.es/PuntoMOVILResiduos
Punto Limpio Móvil;Calle Brescia, 2 Intersección con Calle Biarritz;Intersección con Calle Biarritz;Calle;Brescia;número;2;4;SALAMANCA;443651,03;4476418,00;40.43649844;-3.664382838;Jueves;Tarde;19:15;20:45;https://goo.gl/maps/4uPdarffFyV6QW34A;http://run.gob.es/PuntoMOVILResiduos
Punto Limpio Móvil;Calle del Pilar de Zaragoza, 57 Itersección con Calle José Picón;Itersección con Calle José Picón;Calle;del Pilar de Zaragoza;número;57;4;SALAMANCA;443058,63;4476339,41;40.43575013;-3.671359994;Sabado;Mañana;12:15;13:45;https://goo.gl/maps/rcDNkHyNiyxZrrnz9;http://run.gob.es/PuntoMOVILResiduos
Punto Limpio Móvil;Calle Doctor Esquerdo, 47 ;;Calle;Doctor Esquerdo;número;47;4;SALAMANCA;443283,00;4474940,14;40.42316013;-3.668589994;Sabado;Tarde;15:45;17:15;https://goo.gl/maps/T1u9NfKrE66TV4BV8;http://run.gob.es/PuntoMOVILResiduos
Punto Limpio Móvil;Calle Francisco Silvela,  Intersección con Calle Florestón Aguilar junto al Parque Eva Duarte;Intersección con Calle Florestón Aguilar junto al Parque Eva Duarte;Calle;Francisco Silvela;número;;4;SALAMANCA;443134,13;4475731,17;40.4302759;-3.670415455;Jueves;Tarde;15:45;17:15;https://goo.gl/maps/E3bcLedPJkSgo7Dt8;http://run.gob.es/PuntoMOVILResiduos
Punto Limpio Móvil;Calle General Díaz Porlier, 41 ;;Calle;General Díaz Porlier;número;41;4;SALAMANCA;442571,45;4475523,90;40.42837013;-3.677029994;Sabado;Tarde;17:30;19:00;https://goo.gl/maps/nbND1crsKbE4Kf569;http://run.gob.es/PuntoMOVILResiduos
Punto Limpio Móvil;Calle Goya, 107 ;;Calle;Goya;número;107;4;SALAMANCA;442907,80;4475125,97;40.42480849;-3.673029266;Jueves;Mañana;8:45;10:15;https://goo.gl/maps/DQkJqK9azn84PaqK9;http://run.gob.es/PuntoMOVILResiduos
Punto Limpio Móvil;Calle Jose Ortega y Gasset, 8 ;;Calle;Jose Ortega y Gasset;número;8;4;SALAMANCA;441807,06;4475732,94;40.43020013;-3.686059994;Sabado;Mañana;8:45;10:15;https://goo.gl/maps/ougsBskwxS19qiiY8;http://run.gob.es/PuntoMOVILResiduos
Punto Limpio Móvil;Calle Juan Bravo, 35-37 Intersección con Calle General Pardiñas ;Intersección con Calle General Pardiñas ;Calle;Juan Bravo;número;35-37;4;SALAMANCA;442486,06;4476004,10;40.43269013;-3.678079994;Sabado;Mañana;10:30;12:00;https://goo.gl/maps/qTDXbp1BhHeNoUS6A;http://run.gob.es/PuntoMOVILResiduos
Punto Limpio Móvil;Paseo Marqués de Zafra, 32 ;;Paseo;Marqués de Zafra;número;32;4;SALAMANCA;443646,54;4475219,93;40.42570533;-3.664329592;Jueves;Mañana;7:00;8:30;https://goo.gl/maps/jp5bidSi87Nt7RA59;http://run.gob.es/PuntoMOVILResiduos
Punto Limpio Móvil;Calle Narváez, 44 ;;Calle;Narváez;número;44;4;SALAMANCA;442625,56;4474589,96;40.41996042;-3.676307861;Jueves;Mañana;10:30;12:00;* parada sin placas;http://run.gob.es/PuntoMOVILResiduos
Punto Limpio Móvil;Calle Velázquez, 48 ;;Calle;Velázquez;número;48;4;SALAMANCA;441987,53;4475362,83;40.42687862;-3.68389872;Jueves;Mañana;12:15;13:45;https://goo.gl/maps/rbVTL7xmkAQynDwo8;http://run.gob.es/PuntoMOVILResiduos
Punto Limpio Móvil;Calle Velázquez, 89 ;;Calle;Velázquez;número;89;4;SALAMANCA;442019,84;4476160,84;40.4340697;-3.683590638;Jueves;Tarde;14:00;15:30;https://goo.gl/maps/GcCz7B7XKhHfTZaB6;http://run.gob.es/PuntoMOVILResiduos
Punto Limpio Móvil;Calle Villanueva, 20 Intersección con Calle Claudio Coello;Intersección con Calle Claudio Coello;Calle;Villanueva;número;20;4;SALAMANCA;441714,67;4474870,03;40.42242013;-3.687069994;Sabado;Tarde;19:15;20:45;https://goo.gl/maps/DmYHeedWhg6A28LXA;http://run.gob.es/PuntoMOVILResiduos
Punto Limpio Móvil;Avenida  Alfonso XIII, 65 ;;Avenida; Alfonso XIII;número;65;5;CHAMARTIN;443422,20;4478377,68;40.45413668;-3.667255232;Lunes;Tarde;14:00;15:30;https://goo.gl/maps/Va4YKRehdzTcWwAS6;http://run.gob.es/PuntoMOVILResiduos
Punto Limpio Móvil;Avenida Alberto Alcocer, 28 ;;Avenida;Alberto Alcocer;número;28;5;CHAMARTIN;442019,60;4478870,53;40.45847985;-3.683840815;Lunes;Tarde;17:30;19:00;https://goo.gl/maps/JFKEfYT2BJYHMXfr9;http://run.gob.es/PuntoMOVILResiduos
Punto Limpio Móvil;Calle Clara del Rey, 21 ;;Calle;Clara del Rey;número;21;5;CHAMARTIN;443000,35;4476931,78;40.4410825;-3.672100324;Jueves;Tarde;15:45;17:15;https://goo.gl/maps/GTFCNxqyYfsAPEYA7;http://run.gob.es/PuntoMOVILResiduos
Punto Limpio Móvil;Plaza del Perú,  Intersección con Avenida Pío XII;Intersección con Avenida Pío XII;Plaza;del Perú;número;;5;CHAMARTIN;442655,01;4479090,61;40.46050652;-3.676366952;Lunes;Tarde;15:45;17:15;* parada sin placas;http://run.gob.es/PuntoMOVILResiduos
Punto Limpio Móvil;Avenida Doctor Arce, 1 Intersección con Plaza de la República Argentina;Intersección con Plaza de la República Argentina;Avenida;Doctor Arce;número;1;5;CHAMARTIN;441900,66;4477410,63;40.44532013;-3.685109994;Lunes;Mañana;8:45;10:15;https://goo.gl/maps/1Qj3Qw8avSfRLcHs6;http://run.gob.es/PuntoMOVILResiduos
Punto Limpio Móvil;Calle Enrique Larreta, 14 ;;Calle;Enrique Larreta;número;14;5;CHAMARTIN;441795,16;4480002,77;40.46866386;-3.68659163;Lunes;Tarde;19:15;20:45;https://goo.gl/maps/HXRVgZ6UmNkx87sA6;http://run.gob.es/PuntoMOVILResiduos
Punto Limpio Móvil;Calle General López Pozas, 16 ;;Calle;General López Pozas;número;16;5;CHAMARTIN;441894,15;4479631,93;40.46533013;-3.685389994;Jueves;Mañana;10:30;12:00;https://goo.gl/maps/MDsNTa7zcuA3W8J6A;http://run.gob.es/PuntoMOVILResiduos
Punto Limpio Móvil;calle Mauricio Legendre, 5 ;;calle;Mauricio Legendre;número;5;5;CHAMARTIN;441764,30;4480066,56;40.4692363293796;-3.68696147683308;Martes;Tarde;14:00;15:30;https://goo.gl/maps/HJZnka4S826Ypkoh9;http://run.gob.es/PuntoMOVILResiduos
Punto Limpio Móvil;Calle Padre Claret, 17 ;;Calle;Padre Claret;número;17;5;CHAMARTIN;443640,94;4477637,11;40.44748013;-3.664609994;Lunes;Mañana;12:15;13:45;https://goo.gl/maps/zm5pZMqoND8YpJzc6;http://run.gob.es/PuntoMOVILResiduos
Punto Limpio Móvil;Avenida Pío XII, 46 ;;Avenida;Pío XII;número;46;5;CHAMARTIN;442890,96;4479932,86;40.46811013;-3.673659994;Jueves;Mañana;8:45;10:15;https://goo.gl/maps/kgCPtMtg1sFYoZWp7;http://run.gob.es/PuntoMOVILResiduos
Punto Limpio Móvil;Calle Pradillo, 22 ;;Calle;Pradillo;número;22;5;CHAMARTIN;442881,26;4477772,74;40.44865013;-3.673579994;Lunes;Mañana;10:30;12:00;https://goo.gl/maps/TdgxMdnYj5LtQcym9;http://run.gob.es/PuntoMOVILResiduos
Punto Limpio Móvil;Calle Príncipe de Vergara, 110 ;;Calle;Príncipe de Vergara;número;110;5;CHAMARTIN;442421,33;4476741,68;40.4393301262956;-3.67890999372858;Lunes;Mañana;7:00;8:30;https://goo.gl/maps/CUyFymftJAWRJEBw6;http://run.gob.es/PuntoMOVILResiduos
Punto Limpio Móvil;Calle Príncipe de Vergara, 248 ;;Calle;Príncipe de Vergara;número;248;5;CHAMARTIN;442572,62;4478331,25;40.45366013;-3.677269994;Jueves;Mañana;12:15;13:45;https://goo.gl/maps/XAEZzrj7uW8NAQTbA;http://run.gob.es/PuntoMOVILResiduos
Punto Limpio Móvil;Calle Príncipe de Vergara, 142 ;;Calle;Príncipe de Vergara;número;142;5;CHAMARTIN;442484,79;4477330,64;40.44464014;-3.678215136;Jueves;Tarde;17:30;19:00;https://goo.gl/maps/VLszDMdcUpkXVXfB6;http://run.gob.es/PuntoMOVILResiduos
Punto Limpio Móvil;Calle Santa Hortensia, 2 Intersección con López de Hoyos;Intersección con López de Hoyos;Calle;Santa Hortensia;número;2;5;CHAMARTIN;443127,33;4477472,14;40.44595901;-3.670651482;Jueves;Tarde;14:00;15:30;https://goo.gl/maps/FTt6LgGuEKGpvYej7;http://run.gob.es/PuntoMOVILResiduos
Punto Limpio Móvil;Calle Santa María Magdalena, 18 ;;Calle;Santa María Magdalena;número;18;5;CHAMARTIN;443152,84;4479362,51;40.46299013;-3.670519994;Jueves;Mañana;7:00;8:30;https://goo.gl/maps/VjTL4cn53n6SprTR9;http://run.gob.es/PuntoMOVILResiduos
Punto Limpio Móvil;Calle Santo Domingo de Silos , 7 Intersección Av Concha Espina;Intersección Av Concha Espina;Calle;Santo Domingo de Silos ;número;7;5;CHAMARTIN;441753,11;4478129,02;40.45178134;-3.686915621;Jueves;Tarde;19:15;20:45;https://goo.gl/maps/329yiS2wP4eMHKem6;http://run.gob.es/PuntoMOVILResiduos
Punto Limpio Móvil;Calle Aviador Zorita, 46 ;;Calle;Aviador Zorita;número;46;6;TETUAN;440810,54;4478065,39;40.45114155;-3.69802484;Miércoles;Tarde;17:30;19:00;https://goo.gl/maps/ZWRwkmfrcKF3dhDu8;http://run.gob.es/PuntoMOVILResiduos
Punto Limpio Móvil;Calle Capitán Blanco Argibay, 134 ;;Calle;Capitán Blanco Argibay;número;134;6;TETUAN;440294,35;4479853,22;40.46721013;-3.704279993;Miércoles;Tarde;14:00;15:30;https://goo.gl/maps/GpurYy6W9ogy7LHv6;http://run.gob.es/PuntoMOVILResiduos
Punto Limpio Móvil;Avenida de Asturias, 6 En la vía de servicio;En la vía de servicio;Avenida;de Asturias;número;6;6;TETUAN;441261,48;4479932,15;40.46799013;-3.692879994;Miércoles;Mañana;7:00;8:30;https://goo.gl/maps/J8GHvxY1LXDDuuGG6;http://run.gob.es/PuntoMOVILResiduos
Punto Limpio Móvil;Avenida de Asturias, 44 ;;Avenida;de Asturias;número;44;6;TETUAN;440918,17;4480247,98;40.47081088;-3.696958818;Lunes;Tarde;14:00;15:30;https://goo.gl/maps/LrzEmj2MRfsFx1Hv8;http://run.gob.es/PuntoMOVILResiduos
Punto Limpio Móvil;Paseo de la Dirección, 328 ;;Paseo;de la Dirección;número;328;6;TETUAN;440313,76;4480160,56;40.46998013;-3.704079993;Lunes;Mañana;10:30;12:00;https://goo.gl/maps/pBZ2ig9hV4K1LRCq7;http://run.gob.es/PuntoMOVILResiduos
Punto Limpio Móvil;Plaza de la Remonta, 3 ;;Plaza;de la Remonta;número;3;6;TETUAN;440857,18;4479555,85;40.46457158;-3.697613671;Lunes;Mañana;12:15;13:45;https://goo.gl/maps/woUAm1UWQJKMXuMQ7;http://run.gob.es/PuntoMOVILResiduos
Punto Limpio Móvil;Calle Francos Rodríguez, 57 ;;Calle;Francos Rodríguez;número;57;6;TETUAN;439862,49;4478702,00;40.45680834;-3.709264743;Lunes;Mañana;8:45;10:15;https://goo.gl/maps/Vkke1gYdTx7N9imy6;http://run.gob.es/PuntoMOVILResiduos
Punto Limpio Móvil;Calle Hierbabuena, 13 ;;Calle;Hierbabuena;número;13;6;TETUAN;440494,07;4479060,15;40.46008013;-3.701849994;Lunes;Tarde;15:45;17:15;https://goo.gl/maps/oQkmPSfa3ZLYw2J6A;http://run.gob.es/PuntoMOVILResiduos
Punto Limpio Móvil;Calle Jerónima Llorente, 65 ;;Calle;Jerónima Llorente;número;65;6;TETUAN;439955,62;4478314,84;40.45332738;-3.708129826;Lunes;Mañana;7:00;8:30;https://goo.gl/maps/x2Dfd7EgPUEFSfjx5;http://run.gob.es/PuntoMOVILResiduos
Punto Limpio Móvil;Calle Lope de Haro, 36 ;;Calle;Lope de Haro;número;36;6;TETUAN;440251,84;4478691,42;40.45674114;-3.704672112;Miércoles;Mañana;10:30;12:00;https://goo.gl/maps/5o9But5bLg78pBco7;http://run.gob.es/PuntoMOVILResiduos
Punto Limpio Móvil;Calle Marqués de Viana, 70 ;;Calle;Marqués de Viana;número;70;6;TETUAN;440293,07;4479480,24;40.46385013;-3.704259993;Miércoles;Mañana;12:15;13:45;https://goo.gl/maps/EYsDF6zoDmar48GK6;http://run.gob.es/PuntoMOVILResiduos
Punto Limpio Móvil;Calle Orense, 9 ;;Calle;Orense;número;9;6;TETUAN;441017,20;4477688,81;40.44776383;-3.69555288;Miércoles;Tarde;19:15;20:45;https://goo.gl/maps/mE6gCTKrSezmL7S39;http://run.gob.es/PuntoMOVILResiduos
Punto Limpio Móvil;calle Orense, 2 Azca;Azca;calle;Orense;número;2;6;TETUAN;441035,06;4477589,81;40.4468732750801;-3.52989542448213;Martes;Tarde;15:45;17:15;https://goo.gl/maps/aQM8L8sGKNxz53pn7;http://run.gob.es/PuntoMOVILResiduos
Punto Limpio Móvil;Avenida Pablo Iglesias, 36 ;;Avenida;Pablo Iglesias;número;36;6;TETUAN;439881,60;4477758,48;40.44831013;-3.708949993;Miércoles;Tarde;15:45;17:15;https://goo.gl/maps/En1XqhjyV6WHSfPM7;http://run.gob.es/PuntoMOVILResiduos
Punto Limpio Móvil;Calle Pedro Teixeira, 10 Intersección con Calle Poeta Joan Maragall;Intersección con Calle Poeta Joan Maragall;Calle;Pedro Teixeira;número;10;6;TETUAN;441286,56;4478482,20;40.45493013;-3.692449994;Lunes;Tarde;19:15;20:45;https://goo.gl/maps/ZskGvR22xJz9WVyK6;http://run.gob.es/PuntoMOVILResiduos
Punto Limpio Móvil;Calle Poeta Joan Maragall, 45 Frente al número 54, intersección con Calle de Rosario Pino;Frente al número 54, intersección con Calle de Rosario Pino;Calle;Poeta Joan Maragall;número;45;6;TETUAN;441349,29;4479300,46;40.46230582;-3.691785867;Lunes;Tarde;17:30;19:00;* parada sin placas;http://run.gob.es/PuntoMOVILResiduos
Punto Limpio Móvil;Calle Sor Ángela de la Cruz, 12 ;;Calle;Sor Ángela de la Cruz;número;12;6;TETUAN;441204,79;4478974,60;40.45936013;-3.693459994;Miércoles;Mañana;8:45;10:15;https://goo.gl/maps/PaqRwfAeAyeHiGUq6;http://run.gob.es/PuntoMOVILResiduos
Punto Limpio Móvil;calle Agustín de Betancourt, 1 Ministerio;Ministerio;calle;Agustín de Betancourt;número;1;7;CHAMBERI;441053,61;4477057,00;40.4420748012669;-3.6950649134365;Martes;Tarde;17:30;19:00;https://goo.gl/maps/gTPX7h18xtVkKJ4t9;http://run.gob.es/PuntoMOVILResiduos
Punto Limpio Móvil;Calle Arapiles, 21 Intersección con Calle Vallehermoso;Intersección con Calle Vallehermoso;Calle;Arapiles;número;21;7;CHAMBERI;439904,28;4476035,91;40.43279411;-3.708519655;Sabado;Tarde;17:30;19:00;https://goo.gl/maps/yYuhUwvSxUwQqgpA6;http://run.gob.es/PuntoMOVILResiduos
Punto Limpio Móvil;Calle Bravo Murillo, 41 ;;Calle;Bravo Murillo;número;41;7;CHAMBERI;440186,51;4476585,12;40.43776198;-3.705244148;Sabado;Mañana;10:30;12:00;https://goo.gl/maps/DNpDG4djng8eFkpR6;http://run.gob.es/PuntoMOVILResiduos
Punto Limpio Móvil;Calle Bravo Murillo, 92 ;;Calle;Bravo Murillo;número;92;7;CHAMBERI;440317,12;4477482,65;40.4458567;-3.703788592;Sabado;Tarde;14:00;15:30;https://goo.gl/maps/RxFQttLrPUXvBjaN7;http://run.gob.es/PuntoMOVILResiduos
Punto Limpio Móvil;Calle Bravo Murillo, 8 ;;Calle;Bravo Murillo;número;8;7;CHAMBERI;440268,33;4476210,98;40.43439746;-3.704244286;Sabado;Tarde;15:45;17:15;https://goo.gl/maps/pRZMvBTkacWjiXMj6;http://run.gob.es/PuntoMOVILResiduos
Punto Limpio Móvil;Plaza Chamberí, 4 ;;Plaza;Chamberí;número;4;7;CHAMBERI;440871,32;4476057,92;40.43306165;-3.697121262;Sabado;Mañana;7:00;8:30;* parada sin placas;http://run.gob.es/PuntoMOVILResiduos
Punto Limpio Móvil;Calle Fernández de los Ríos, 62 ;;Calle;Fernández de los Ríos;número;62;7;CHAMBERI;439625,55;4476321,63;40.43534781;-3.711832755;Sabado;Tarde;19:15;20:45;https://goo.gl/maps/2gssruDWNQfPjkCN7;http://run.gob.es/PuntoMOVILResiduos
Punto Limpio Móvil;Calle Fernando el Católico, 73 ;;Calle;Fernando el Católico;número;73;7;CHAMBERI;439239,86;4476218,44;40.43439013;-3.716369993;Martes;Mañana;7:00;8:30;https://goo.gl/maps/QwmX37QpcQ3hzDNL7;http://run.gob.es/PuntoMOVILResiduos
Punto Limpio Móvil;Calle Francisco de Rojas, 11 ;;Calle;Francisco de Rojas;número;11;7;CHAMBERI;440624,47;4475722,24;40.43002013;-3.699999994;Martes;Mañana;12:15;13:45;https://goo.gl/maps/XY7EWaJgyNS1kYcG9;http://run.gob.es/PuntoMOVILResiduos
Punto Limpio Móvil;Calle García de Paredes, 82 ;;Calle;García de Paredes;número;82;7;CHAMBERI;441208,65;4476442,50;40.43655013;-3.693179994;Martes;Tarde;14:00;15:30;https://goo.gl/maps/hoGQmbLiBZ37YuDL7;http://run.gob.es/PuntoMOVILResiduos
Punto Limpio Móvil;Avenida Islas Filipinas, 32 ;;Avenida;Islas Filipinas;número;32;7;CHAMBERI;439926,37;4476890,05;40.44049013;-3.708339993;Martes;Tarde;19:15;20:45;https://goo.gl/maps/YvY9TKc8b2peyA217;http://run.gob.es/PuntoMOVILResiduos
Punto Limpio Móvil;Calle Joaquín María López, 54 ;;Calle;Joaquín María López;número;54;7;CHAMBERI;439312,53;4476603,04;40.43786013;-3.715549993;Martes;Mañana;8:45;10:15;https://goo.gl/maps/1NU8pUU5NpyHvnQNA;http://run.gob.es/PuntoMOVILResiduos
Punto Limpio Móvil;Calle García Paredes, 32 ;;Calle;García Paredes;número;32;7;CHAMBERI;440684,85;4476491,04;40.43695013;-3.699359994;Martes;Mañana;10:30;12:00;https://goo.gl/maps/JTS7cLqkScVDocoM7;http://run.gob.es/PuntoMOVILResiduos
Punto Limpio Móvil;Paseo San Francisco de Sales, 36 ;;Paseo;San Francisco de Sales;número;36;7;CHAMBERI;439515,93;4477071,54;40.44209537;-3.713196475;Sabado;Mañana;12:15;13:45;https://goo.gl/maps/yhzUB7rKY3nS5YUW8;http://run.gob.es/PuntoMOVILResiduos
Punto Limpio Móvil;Plaza San Juan de la Cruz, 3 Intersección con Calle Fernández de la Hoz;Intersección con Calle Fernández de la Hoz;Plaza;San Juan de la Cruz;número;3;7;CHAMBERI;441112,59;4476955,00;40.44116013;-3.694359994;Martes;Tarde;15:45;17:15;https://goo.gl/maps/iBXibmPyW2Zx1Vr16;http://run.gob.es/PuntoMOVILResiduos
Punto Limpio Móvil;Calle Santa Engracia, 126 ;;Calle;Santa Engracia;número;126;7;CHAMBERI;440516,66;4477005,22;40.44157;-3.701391;Sabado;Mañana;8:45;10:15;https://goo.gl/maps/KfeyB3VbFe8k7Nm56;http://run.gob.es/PuntoMOVILResiduos
Punto Limpio Móvil;Calle Vallehermoso,  Frente al número 50;Frente al número 50;Calle;Vallehermoso;número;;7;CHAMBERI;439898,35;4476357,44;40.43569013;-3.708619993;Martes;Tarde;17:30;19:00;https://goo.gl/maps/dTetv2MT7uCq8QJj7;http://run.gob.es/PuntoMOVILResiduos
Punto Limpio Móvil;Calle Abetal, 3-5 Edificio BBVA;Edificio BBVA;Calle;Abetal;número;3-5;8;FUENCARRAL - EL PARDO;443856,16;4483545,97;40.5007244095852;-3.66259517914358;Martes;Mañana;10:30;12:00;https://goo.gl/maps/eEkZgbFw329nBSUr8;http://run.gob.es/PuntoMOVILResiduos
Punto Limpio Móvil;Calle Afueras a Valverde, 23 ;;Calle;Afueras a Valverde;número;23;8;FUENCARRAL - EL PARDO;441617,57;4483190,34;40.49736629;-3.688979853;Lunes;Tarde;19:15;20:45;https://goo.gl/maps/EjHsoHec1Y1Vx9iU6;http://run.gob.es/PuntoMOVILResiduos
Punto Limpio Móvil;Avenida Avda. Monforte de Lemos, 1 Cuatro Torres;Cuatro Torres;Avenida;Avda. Monforte de Lemos;número;1;8;FUENCARRAL - EL PARDO;441706,39;4480710,18;40.4750302638568;-3.68770369754848;Martes;Mañana;12:15;13:45;https://goo.gl/maps/cwX2kQp9noSSgY9LA;http://run.gob.es/PuntoMOVILResiduos
Punto Limpio Móvil;Calle Cándido Mateos, 17 ;;Calle;Cándido Mateos;número;17;8;FUENCARRAL - EL PARDO;439092,72;4480602,99;40.4738771;-3.718525244;Lunes;Mañana;12:15;13:45;https://goo.gl/maps/hHUzSLwjwxThuozr9;http://run.gob.es/PuntoMOVILResiduos
Punto Limpio Móvil;Avenida Cardenal Herrera Oria, 259 ;;Avenida;Cardenal Herrera Oria;número;259;8;FUENCARRAL - EL PARDO;438776,03;4481302,62;40.48015632;-3.722328509;Lunes;Mañana;10:30;12:00;https://goo.gl/maps/wU8w81pX1rpjJgzn7;http://run.gob.es/PuntoMOVILResiduos
Punto Limpio Móvil;Calle Cerro de Minguete, 9 ;;Calle;Cerro de Minguete;número;9;8;FUENCARRAL - EL PARDO;439019,02;4482030,84;40.48673425;-3.719531943;Lunes;Mañana;8:45;10:15;https://goo.gl/maps/HwbxMYbhTEEanxpL9;http://run.gob.es/PuntoMOVILResiduos
Punto Limpio Móvil;Avenida El Ferrol, 6 ;;Avenida;El Ferrol;número;6;8;FUENCARRAL - EL PARDO;440330,32;4480667,53;40.47454833;-3.703932363;Viernes;Tarde;19:15;20:45;https://goo.gl/maps/q1pEuefmCPjr6WZr7;http://run.gob.es/PuntoMOVILResiduos
Punto Limpio Móvil;Plaza El Pardo, 1 Intersección con Calle Carboneros;Intersección con Calle Carboneros;Plaza;El Pardo;número;1;8;FUENCARRAL - EL PARDO;434134,78;4485795,22;40.52027135;-3.777549085;Lunes;Mañana;7:00;8:30;https://goo.gl/maps/pDXV8r7QCm8wqxPa8;http://run.gob.es/PuntoMOVILResiduos
Punto Limpio Móvil;Calle Estella, 21 ;;Calle;Estella;número;21;8;FUENCARRAL - EL PARDO;442850,98;4483154,23;40.49712684;-3.674421941;Miércoles;Tarde;17:30;19:00;https://goo.gl/maps/kaVCXSw32NJSn7Vq7;http://run.gob.es/PuntoMOVILResiduos
Punto Limpio Móvil;Calle Federico Mompou, 4 Edificio Telecinco;Edificio Telecinco;Calle;Federico Mompou;número;4;8;FUENCARRAL - EL PARDO;442484,39;4484676,35;40.5108133512341;-3.67888605764082;Martes;Mañana;7:00;8:30;https://goo.gl/maps/PDUwtGnk6mEyYwpZ7;http://run.gob.es/PuntoMOVILResiduos
Punto Limpio Móvil;Calle Fermín Caballero, 49-51 ;;Calle;Fermín Caballero;número;49-51;8;FUENCARRAL - EL PARDO;440114,52;4481748,34;40.48426912;-3.706580057;Lunes;Tarde;14:00;15:30;https://goo.gl/maps/P5aTSozWqHHJx6G58;http://run.gob.es/PuntoMOVILResiduos
Punto Limpio Móvil;Calle Fresnedillas, 9 frente;frente;Calle;Fresnedillas;número;9;8;FUENCARRAL - EL PARDO;437078,57;4481062,92;40.47787013;-3.742329993;Miércoles;Mañana;7:00;8:30;https://goo.gl/maps/RHMkbeyQRDKkh8mj6;http://run.gob.es/PuntoMOVILResiduos
Punto Limpio Móvil;Camino Ganapanes,  Intersección con Calle La Bañeza;Intersección con Calle La Bañeza;Camino;Ganapanes;;;8;FUENCARRAL - EL PARDO;439312,67;4480804,68;40.47571013;-3.715949993;Miércoles;Mañana;10:30;12:00;https://goo.gl/maps/8SB31CesKGr6Q4m26;http://run.gob.es/PuntoMOVILResiduos
Punto Limpio Móvil;Calle Joaquín Lorenzo, 106 ;;Calle;Joaquín Lorenzo;número;106;8;FUENCARRAL - EL PARDO;437626,69;4480819,66;40.47572013;-3.735839993;Viernes;Tarde;15:45;17:15;https://goo.gl/maps/PU7jRJvzqPibn41T8;http://run.gob.es/PuntoMOVILResiduos
Punto Limpio Móvil;Calle Julio Palacios, 10 ;;Calle;Julio Palacios;número;10;8;FUENCARRAL - EL PARDO;443159,45;4473673,17;40.41173813;-3.669933119;Lunes;Tarde;15:45;17:15;https://goo.gl/maps/qJ6MEomomNzS55jy6;http://run.gob.es/PuntoMOVILResiduos
Punto Limpio Móvil;Calle Leopoldo Alas Clarín,  Acera de los pares, frente al número 41;Acera de los pares, frente al número 41;Calle;Leopoldo Alas Clarín;número;;8;FUENCARRAL - EL PARDO;437856,75;4481403,31;40.48099503;-3.733183387;Viernes;Tarde;14:00;15:30;https://goo.gl/maps/8AXBEAAuHUTrvDzd8;http://run.gob.es/PuntoMOVILResiduos
Punto Limpio Móvil;Avenida Monasterio de Silos, 85 ;;Avenida;Monasterio de Silos;número;85;8;FUENCARRAL - EL PARDO;441374,21;4484571,09;40.50978743;-3.691979444;Miércoles;Tarde;15:45;17:15;https://goo.gl/maps/J2oyRFZX48gY1LJy5;http://run.gob.es/PuntoMOVILResiduos
Punto Limpio Móvil;Avenida Monasterio de Silos,  Acera de los pares, frente al número 23;Acera de los pares, frente al número 23;Avenida;Monasterio de Silos;número;;8;FUENCARRAL - EL PARDO;440150,58;4483879,66;40.5034714;-3.706355909;Viernes;Mañana;10:30;12:00;https://goo.gl/maps/6bPkVgJVaaBm8dW39;http://run.gob.es/PuntoMOVILResiduos
Punto Limpio Móvil;Calle Monforte de Lemos, 38 ;;Calle;Monforte de Lemos;número;38;8;FUENCARRAL - EL PARDO;439866,37;4481101,21;40.47842163;-3.709446437;Viernes;Tarde;17:30;19:00;https://goo.gl/maps/MnzRecYE3jCPTmZH6;http://run.gob.es/PuntoMOVILResiduos
Punto Limpio Móvil;Calle Nuestra Señora de Valverde, 17 ;;Calle;Nuestra Señora de Valverde;número;17;8;FUENCARRAL - EL PARDO;441802,95;4482622,73;40.49226604;-3.686740229;Lunes;Tarde;17:30;19:00;https://goo.gl/maps/SHQ6V9WY4JCV7L2u6;http://run.gob.es/PuntoMOVILResiduos
Punto Limpio Móvil;Calle Nuria, 59 En frente del Centro Comercial;En frente del Centro Comercial;Calle;Nuria;número;59;8;FUENCARRAL - EL PARDO;440009,17;4482762,54;40.49339779;-3.707919056;Miércoles;Tarde;14:00;15:30;https://goo.gl/maps/Co5pJDwFDk51Nhm58;http://run.gob.es/PuntoMOVILResiduos
Punto Limpio Móvil;Calle Pico Milano, 9 ;;Calle;Pico Milano;número;9;8;FUENCARRAL - EL PARDO;439592,55;4481975,77;40.48628013;-3.712759993;Viernes;Mañana;12:15;13:45;https://goo.gl/maps/zteXzNSTpjHooz9r7;http://run.gob.es/PuntoMOVILResiduos
Punto Limpio Móvil;Calle Ribadavia, 27 Lateral frente a supermercado;Lateral frente a supermercado;Calle;Ribadavia;número;27;8;FUENCARRAL - EL PARDO;439928,95;4480487,78;40.47290013;-3.708649993;Miércoles;Mañana;8:45;10:15;https://goo.gl/maps/B6yenmZ2FuXj6iG39;http://run.gob.es/PuntoMOVILResiduos
Punto Limpio Móvil;Ronda Ronda de la Comunicación, 2 Edificio Telefonica;Edificio Telefonica;Ronda;Ronda de la Comunicación;número;2;8;FUENCARRAL - EL PARDO;443723,05;4485009,33;40.5138979304183;-3.66429606720972;Martes;Mañana;8:45;10:15;https://goo.gl/maps/dvz1VwLZ2Z7PPDu88;http://run.gob.es/PuntoMOVILResiduos
Punto Limpio Móvil;Calle San Modesto,  Intersección con Calle Isidro Fernández;Intersección con Calle Isidro Fernández;Calle;San Modesto;número;;8;FUENCARRAL - EL PARDO;441903,66;4481728,79;40.48422013;-3.685469994;Viernes;Mañana;7:00;8:30;https://goo.gl/maps/Y6aU3tL9V9prvhoP6;http://run.gob.es/PuntoMOVILResiduos
Punto Limpio Móvil;Calle Sangenjo, 12 ;;Calle;Sangenjo;número;12;8;FUENCARRAL - EL PARDO;440461,07;4481732,36;40.48415013;-3.702489994;Miércoles;Mañana;12:15;13:45;https://goo.gl/maps/xtmtxTq5ngjMGVhn9;http://run.gob.es/PuntoMOVILResiduos
Punto Limpio Móvil;Avenida Santo Domingo de la Calzada, 27 ;;Avenida;Santo Domingo de la Calzada;número;27;8;FUENCARRAL - EL PARDO;443304,70;4484255,94;40.50708261;-3.669166507;Miércoles;Tarde;19:15;20:45;https://goo.gl/maps/MHQgCctA7jSPE1Ra8;http://run.gob.es/PuntoMOVILResiduos
Punto Limpio Móvil;Plaza Tres Olivos,  Frente al número 6;Frente al número 6;Plaza;Tres Olivos;número;;8;FUENCARRAL - EL PARDO;441473,27;4483648,27;40.50148;-3.69072;Viernes;Mañana;8:45;10:15;fotos seleccionadas carpteta geoportal plm\Pz Tres Olivos,.jpg;http://run.gob.es/PuntoMOVILResiduos
Punto Limpio Móvil;Calle Antonio Machado, 12 IDM Ciudad de los Poetas;IDM Ciudad de los Poetas;Calle;Antonio Machado;número;12;9;MONCLOA - ARAVACA;439027,38;4479726,98;40.46598087;-3.71921181;Sabado;Mañana;8:45;10:15;https://goo.gl/maps/swEGHLY6GtP8aS3q6;http://run.gob.es/PuntoMOVILResiduos
Punto Limpio Móvil;Calle Arriaza,  Frente al número 10. Intersección con Calle Ilustración;Frente al número 10. Intersección con Calle Ilustración;Calle;Arriaza;número;;9;MONCLOA - ARAVACA;439250,09;4474759,72;40.42125013;-3.716109993;Sabado;Tarde;14:00;15:30;https://goo.gl/maps/R4UavaixG9ZZietb8;http://run.gob.es/PuntoMOVILResiduos
Punto Limpio Móvil;Avenida Complutense, s/n Frente Servicio de Informática;Frente Servicio de Informática;Avenida;Complutense;número;s/n;9;MONCLOA - ARAVACA;438300,24;4478098,82;40.45126013;-3.727629993;Miércoles;Mañana;10:30;12:00;https://goo.gl/maps/sjmS8Ux8mMc7uiPn6;http://run.gob.es/PuntoMOVILResiduos
Punto Limpio Móvil;Paseo Florida, 12  (farola 13); (farola 13);Paseo;Florida;número;12;9;MONCLOA - ARAVACA;438687,94;4474941,28;40.4228444553487;-3.72275349491946;Sábado;Tarde;19:15;20:45;https://goo.gl/maps/2qr12ro9YretEbEz5;http://run.gob.es/PuntoMOVILResiduos
Punto Limpio Móvil;Calle Francos Rodríguez, 102 ;;Calle;Francos Rodríguez;número;102;9;MONCLOA - ARAVACA;439565,13;4478826,55;40.45790876;-3.712783422;Miércoles;Tarde;14:00;15:30;https://goo.gl/maps/yNaV3LSUrmXBLetu9;http://run.gob.es/PuntoMOVILResiduos
Punto Limpio Móvil;Calle Golondrina,  Frente a Avenida del Talgo, 234;Frente a Avenida del Talgo, 234;Calle;Golondrina;número;;9;MONCLOA - ARAVACA;433424,52;4477724,42;40.44751121;-3.785085494;Miércoles;Tarde;17:30;19:00;https://goo.gl/maps/ZbLjyuXygtm5KW2w5;http://run.gob.es/PuntoMOVILResiduos
Punto Limpio Móvil;Calle Marqués de Urquijo, 2 ;;Calle;Marqués de Urquijo;número;2;9;MONCLOA - ARAVACA;439212,03;4475798,68;40.43060674;-3.716657855;Miércoles;Mañana;12:15;13:45;https://goo.gl/maps/VsRMfbxQJY5rEhdY8;http://run.gob.es/PuntoMOVILResiduos
Punto Limpio Móvil;Avenida Osa Mayor, 23 ;;Avenida;Osa Mayor;número;23;9;MONCLOA - ARAVACA;433960,10;4479063,34;40.4596153;-3.778909594;Sabado;Mañana;7:00;8:30;https://goo.gl/maps/djeCtvaGo5BHEsA38;http://run.gob.es/PuntoMOVILResiduos
Punto Limpio Móvil;Avenida Pablo Iglesias, 55 ;;Avenida;Pablo Iglesias;número;55;9;MONCLOA - ARAVACA;439724,21;4478011,73;40.45058013;-3.710829993;Sabado;Mañana;10:30;12:00;https://goo.gl/maps/K83K4dZergc5aFHC9;http://run.gob.es/PuntoMOVILResiduos
Punto Limpio Móvil;Avenida Principal, 4-6  Acceso Pabellón Cubo de la Pipa- Casa de Campo; Acceso Pabellón Cubo de la Pipa- Casa de Campo;Avenida;Principal;número;4-6;9;MONCLOA - ARAVACA;437292,70;4473802,24;40.4124795455108;-3.7390871636404;Lunes;Tarde;12:15;13:45;https://goo.gl/maps/qGZn4nc1gcMLhGeB6;http://run.gob.es/PuntoMOVILResiduos
Punto Limpio Móvil;Calle Ribera de Manzanares, 125 Intersección con Calle Acantilado;Intersección con Calle Acantilado;Calle;Ribera de Manzanares;número;125;9;MONCLOA - ARAVACA;437794,24;4475679,70;40.42943013;-3.733359993;Sabado;Mañana;12:15;13:45;https://goo.gl/maps/FiJriHjGhtKaAHwQ7;http://run.gob.es/PuntoMOVILResiduos
Punto Limpio Móvil;Calle San Restituto, 24 ;;Calle;San Restituto;número;24;9;MONCLOA - ARAVACA;439653,21;4479618,59;40.46505013;-3.711819993;Miércoles;Tarde;15:45;17:15;https://goo.gl/maps/1q5XjAwh5fEkv2P59;http://run.gob.es/PuntoMOVILResiduos
Punto Limpio Móvil;Avenida Valdemarín, 71 A Intersección con Calle Cisne;Intersección con Calle Cisne;Avenida;Valdemarín;número;71 A;9;MONCLOA - ARAVACA;434014,29;4480227,88;40.47011006;-3.778391577;Miércoles;Mañana;8:45;10:15;https://goo.gl/maps/qDnCziFenr2BESma8;http://run.gob.es/PuntoMOVILResiduos
Punto Limpio Móvil;Avenida Victoria, 77 ;;Avenida;Victoria;número;77;9;MONCLOA - ARAVACA;429298,03;4480698,94;40.47396543;-3.834073426;Miércoles;Mañana;7:00;8:30;https://goo.gl/maps/Q3sUbMAuHgrjxkUe8;http://run.gob.es/PuntoMOVILResiduos
Punto Limpio Móvil;Calle Virgen de los Rosales,  Acera de enfrente al número 88;Acera de enfrente al número 88;Calle;Virgen de los Rosales;número;;9;MONCLOA - ARAVACA;433943,46;4478393,51;40.45358;-3.779036127;Miércoles;Tarde;19:15;20:45;https://goo.gl/maps/4T8hZagbkP8LNrby6;http://run.gob.es/PuntoMOVILResiduos
Punto Limpio Móvil;Calle Alhambra,  Acera de enfrente al número 30;Acera de enfrente al número 30;Calle;Alhambra;número;;10;LATINA;436815,31;4472519,63;40.40088914;-3.744586083;Miércoles;Tarde;15:45;17:15;https://goo.gl/maps/4Z7j7gBa3U3uAmzRA;http://run.gob.es/PuntoMOVILResiduos
Punto Limpio Móvil;Avenida Apóstoles, 13 Intersección con Paseo de los Olivos;Intersección con Paseo de los Olivos;Avenida;Apóstoles;número;13;10;LATINA;437234,38;4473046,83;40.40567013;-3.739699993;Viernes;Tarde;15:45;17:15;https://goo.gl/maps/nnvCSsBaAsPBDHaT6;http://run.gob.es/PuntoMOVILResiduos
Punto Limpio Móvil;Calle Camarena, 235 Frente al número 296;Frente al número 296;Calle;Camarena;número;235;10;LATINA;435731,09;4470910,54;40.38631089;-3.757199396;Lunes;Tarde;15:45;17:15;https://goo.gl/maps/zF3hCoRpo6zt13mG8;http://run.gob.es/PuntoMOVILResiduos
Punto Limpio Móvil;Calle Caramuel, 6 Entre los números 6 y 8;Entre los números 6 y 8;Calle;Caramuel;número;6;10;LATINA;438307,81;4473864,88;40.41311972;-3.727129825;Miércoles;Tarde;19:15;20:45;https://goo.gl/maps/3WLcU5QcGYJaPSer9;http://run.gob.es/PuntoMOVILResiduos
Punto Limpio Móvil;Calle Cardaño, 8 En la Plaza Patricio Martínez;En la Plaza Patricio Martínez;Calle;Cardaño;número;8;10;LATINA;434616,70;4472057,03;40.39655217;-3.770445426;Miércoles;Mañana;12:15;13:45;https://goo.gl/maps/CScxAfagkpx9Uhg8A;http://run.gob.es/PuntoMOVILResiduos
Punto Limpio Móvil;Glorieta de los Cármenes,  Entre las salidas de Calle Gallur y Calle Alhambra;Entre las salidas de Calle Gallur y Calle Alhambra;Glorieta;de los Cármenes;número;;10;LATINA;436910,15;4471942,57;40.39569796;-3.743411287;Lunes;Mañana;12:15;13:45;https://goo.gl/maps/eYZwk6gnkUH3nEJy9;http://run.gob.es/PuntoMOVILResiduos
Punto Limpio Móvil;Paseo de los Jesuitas, 42 ;;Paseo;de los Jesuitas;número;42;10;LATINA;437639,27;4473379,86;40.40870061;-3.734961308;Lunes;Mañana;10:30;12:00;https://goo.gl/maps/JZHkdVSEUhq72zhP9;http://run.gob.es/PuntoMOVILResiduos
Punto Limpio Móvil;Calle Duquesa de Parcent, 96 ;;Calle;Duquesa de Parcent;número;96;10;LATINA;436326,92;4471971,48;40.39591401;-3.750286074;Viernes;Tarde;14:00;15:30;https://goo.gl/maps/9UMwzcTEkwRi1jZX9;http://run.gob.es/PuntoMOVILResiduos
Punto Limpio Móvil;Paseo Ermita del Santo, 39 ;;Paseo;Ermita del Santo;número;39;10;LATINA;438534,79;4473134,22;40.40655438;-3.724384145;Viernes;Tarde;19:15;20:45;https://goo.gl/maps/fjajssiEocvMbGCCA;http://run.gob.es/PuntoMOVILResiduos
Punto Limpio Móvil;Calle Fuente del Tiro, 17 ;;Calle;Fuente del Tiro;número;17;10;LATINA;433744,17;4470628,25;40.38361228;-3.780577319;Lunes;Tarde;17:30;19:00;https://goo.gl/maps/8hHg5ugsUeDAj4dG9;http://run.gob.es/PuntoMOVILResiduos
Punto Limpio Móvil;Calle General Millan Astray, 20 ;;Calle;General Millan Astray;número;20;10;LATINA;434871,22;4470041,90;40.37841904;-3.767240468;Viernes;Mañana;8:45;10:15;https://goo.gl/maps/vq5NXV3GXeAQsppw6;http://run.gob.es/PuntoMOVILResiduos
Punto Limpio Móvil;Calle Guareña,  Al lado Auditorio Paco de Lucia;Al lado Auditorio Paco de Lucia;Calle;Guareña;número;;10;LATINA;435085,62;4470795,23;40.38522206;-3.764791741;Miércoles;Mañana;8:45;10:15;https://goo.gl/maps/cVnQ6RfT54B1gxqh9;http://run.gob.es/PuntoMOVILResiduos
Punto Limpio Móvil;Calle Higueras, 45 ;;Calle;Higueras;número;45;10;LATINA;436775,56;4473012,46;40.40532577;-3.745103375;Miércoles;Tarde;17:30;19:00;https://goo.gl/maps/k4qw4g8LmoPKJ9p46;http://run.gob.es/PuntoMOVILResiduos
Punto Limpio Móvil;Calle Illescas, 117 ;;Calle;Illescas;número;117;10;LATINA;435391,82;4471712,37;40.39350783;-3.761277537;Miércoles;Mañana;10:30;12:00;https://goo.gl/maps/zyAKW2Z14PbgeeED8;http://run.gob.es/PuntoMOVILResiduos
Punto Limpio Móvil;Paseo Lanceros, 2 ;;Paseo;Lanceros;número;2;10;LATINA;432694,46;4470136,92;40.37910205;-3.79289123;Lunes;Mañana;7:00;8:30;https://goo.gl/maps/p5dzdCohnGDcnfuBA;http://run.gob.es/PuntoMOVILResiduos
Punto Limpio Móvil;Calle Ocaña, 149 ;;Calle;Ocaña;número;149;10;LATINA;436073,76;4470917,76;40.38640227;-3.753163133;Lunes;Tarde;14:00;15:30;https://goo.gl/maps/qThYywVcGTG6ALD59;http://run.gob.es/PuntoMOVILResiduos
Punto Limpio Móvil;Calle Oliva de Plasencia, 1 ;;Calle;Oliva de Plasencia;número;1;10;LATINA;433836,40;4470064,42;40.37854039;-3.779432297;Lunes;Tarde;19:15;20:45;https://goo.gl/maps/wd193DJTgaH4xuGp6;http://run.gob.es/PuntoMOVILResiduos
Punto Limpio Móvil;Calle Pablo Casals,  Frente al número 10;Frente al número 10;Calle;Pablo Casals;número;;10;LATINA;438510,46;4473539,12;40.41020013;-3.724709993;Viernes;Tarde;17:30;19:00;https://goo.gl/maps/YtVC2ipmDwY6887f7;http://run.gob.es/PuntoMOVILResiduos
Punto Limpio Móvil;Avenida Padre Piquer, 13 Junto a Correos;Junto a Correos;Avenida;Padre Piquer;número;13;10;LATINA;434848,14;4471779,49;40.39407013;-3.767689993;Viernes;Mañana;10:30;12:00;https://goo.gl/maps/KLofpLtgpZSQLDLM6;http://run.gob.es/PuntoMOVILResiduos
Punto Limpio Móvil;Calle Rafael Finat, 103 ;;Calle;Rafael Finat;número;103;10;LATINA;434421,94;4469758,87;40.37583416;-3.772503573;Viernes;Mañana;7:00;8:30;https://goo.gl/maps/1PWbKTdFrUvupVGe7;http://run.gob.es/PuntoMOVILResiduos
Punto Limpio Móvil;Calle Tembleque , 64 ;;Calle;Tembleque ;número;64;10;LATINA;435476,34;4471898,29;40.39518922;-3.760300561;Miércoles;Tarde;14:00;15:30;https://goo.gl/maps/NWuV6wULW3q8KZyw9;http://run.gob.es/PuntoMOVILResiduos
Punto Limpio Móvil;Calle Trompas, 15 ;;Calle;Trompas;número;15;10;LATINA;435002,22;4469264,49;40.37142604;-3.7656181;Miércoles;Mañana;7:00;8:30;https://goo.gl/maps/FXW9W35vgK2RGwLN7;http://run.gob.es/PuntoMOVILResiduos
Punto Limpio Móvil;Calle Villasandino, 35 ;;Calle;Villasandino;número;35;10;LATINA;436111,45;4473060,11;40.40570434;-3.752934046;Lunes;Mañana;8:45;10:15;https://goo.gl/maps/boeBbZGWPyDW8DYeA;http://run.gob.es/PuntoMOVILResiduos
Punto Limpio Móvil;Calle Yébenes, 110 Frente al número 217;Frente al número 217;Calle;Yébenes;número;110;10;LATINA;436214,39;4471552,40;40.39213013;-3.751569993;Viernes;Mañana;12:15;13:45;https://goo.gl/maps/NAwNCsYNHpqS5wow9;http://run.gob.es/PuntoMOVILResiduos
Punto Limpio Móvil;Avenida Abrantes, 40 Frente Calle Faro;Frente Calle Faro;Avenida;Abrantes;número;40;11;CARABANCHEL;438286,77;4470380,60;40.38173013;-3.727039993;Viernes;Mañana;8:45;10:15;https://goo.gl/maps/cr1yigPxMXfzLm5D7;http://run.gob.es/PuntoMOVILResiduos
Punto Limpio Móvil;Calle Alférez Juan Usera, 36 ;;Calle;Alférez Juan Usera;número;36;11;CARABANCHEL;437947,11;4471907,52;40.39546013;-3.731189993;Viernes;Tarde;15:45;17:15;https://goo.gl/maps/P4zCAJ7YNNUQSrpu8;http://run.gob.es/PuntoMOVILResiduos
Punto Limpio Móvil;Calle Antonio Leyva, 77 Frente al Instituto Carderón de la Barca;Frente al Instituto Carderón de la Barca;Calle;Antonio Leyva;número;77;11;CARABANCHEL;439173,82;4471034,73;40.387688;-3.716653;Lunes;Mañana;10:30;12:00;https://goo.gl/maps/ep6o2xYgqqNunPa68;http://run.gob.es/PuntoMOVILResiduos
Punto Limpio Móvil;Calle Antonio López, 88 ;;Calle;Antonio López;número;88;11;CARABANCHEL;439936,82;4471709,68;40.39382375;-3.707727615;Miércoles;Mañana;12:15;13:45;https://goo.gl/maps/DdtP7FfoYWhgdCU5A;http://run.gob.es/PuntoMOVILResiduos
Punto Limpio Móvil;Calle Antonio López, 9 ;;Calle;Antonio López;número;9;11;CARABANCHEL;439397,79;4472075,30;40.39707843;-3.714113341;Viernes;Tarde;14:00;15:30;https://goo.gl/maps/8QcEoffmVE37iJC28;http://run.gob.es/PuntoMOVILResiduos
Punto Limpio Móvil;Calle Carlos Daban,  Frente al número 28;Frente al número 28;Calle;Carlos Daban;número;;11;CARABANCHEL;437905,00;4472135,59;40.39751151;-3.731708393;Lunes;Mañana;12:15;13:45;https://goo.gl/maps/EKN2141PE2HyNwRk8;http://run.gob.es/PuntoMOVILResiduos
Punto Limpio Móvil;Calle Clara Campoamor,  Frente al número 75;Frente al número 75;Calle;Clara Campoamor;número;;11;CARABANCHEL;437794,87;4470145,39;40.37957467;-3.732811665;Lunes;Tarde;17:30;19:00;https://goo.gl/maps/2xHfnof19hBQbcQ38;http://run.gob.es/PuntoMOVILResiduos
Punto Limpio Móvil;Plaza de Coimbra,  Junto al semáforo;Junto al semáforo;Plaza;de Coimbra;número;;11;CARABANCHEL;438568,90;4470537,06;40.38316051;-3.723731631;Miércoles;Tarde;15:45;17:15;https://goo.gl/maps/2yQthkfyW4jNLf5cA;http://run.gob.es/PuntoMOVILResiduos
Punto Limpio Móvil;Plaza de la Parroquia, 16 ;;Plaza;de la Parroquia;número;16;11;CARABANCHEL;437027,97;4470191,24;40.37993013;-3.741849993;Viernes;Tarde;17:30;19:00;https://goo.gl/maps/1SQ24VLmpq3JPngX9;http://run.gob.es/PuntoMOVILResiduos
Punto Limpio Móvil;Plaza de los Navarros,  Entre Calle Albares de la Ribera y Calle Alberca de Zancara;Entre Calle Albares de la Ribera y Calle Alberca de Zancara;Plaza;de los Navarros;número;;11;CARABANCHEL;436998,09;4469561,33;40.37425336;-3.742139687;Miércoles;Mañana;8:45;10:15;https://goo.gl/maps/e7uFpK5WJG7YUq7d7;http://run.gob.es/PuntoMOVILResiduos
Punto Limpio Móvil;Calle Eugenia de Montijo, 76 ;;Calle;Eugenia de Montijo;número;76;11;CARABANCHEL;436561,38;4470107,22;40.37913785;-3.747337904;Miércoles;Tarde;17:30;19:00;https://goo.gl/maps/a1FvzTxuQtbWFQA5A;http://run.gob.es/PuntoMOVILResiduos
Punto Limpio Móvil;Calle Eugenia de Montijo, 99 ;;Calle;Eugenia de Montijo;número;99;11;CARABANCHEL;436250,91;4469582,53;40.37438754;-3.750942663;Viernes;Mañana;7:00;8:30;https://goo.gl/maps/VrffFifxmxnUJKbLA;http://run.gob.es/PuntoMOVILResiduos
Punto Limpio Móvil;Calle Joaquín Turina, 62 ;;Calle;Joaquín Turina;número;62;11;CARABANCHEL;435614,07;4469349,07;40.37223546;-3.758420175;Miércoles;Mañana;7:00;8:30;https://goo.gl/maps/MQgFZG5JQQwtUQ8U6;http://run.gob.es/PuntoMOVILResiduos
Punto Limpio Móvil;Calle Laguna, 121 ;;Calle;Laguna;número;121;11;CARABANCHEL;437042,39;4471122,03;40.38831619;-3.741772099;Lunes;Tarde;14:00;15:30;https://goo.gl/maps/GdPzhgVHgSJxAj1M7;http://run.gob.es/PuntoMOVILResiduos
Punto Limpio Móvil;Calle Mazarambroz, 4 Intersección con Calle Cazalegas y Calle Carranque;Intersección con Calle Cazalegas y Calle Carranque;Calle;Mazarambroz;número;4;11;CARABANCHEL;438203,57;4469646,48;40.37511067;-3.727948897;Lunes;Tarde;19:15;20:45;https://goo.gl/maps/8gQCsQ5JNY5Sijqd8;http://run.gob.es/PuntoMOVILResiduos
Punto Limpio Móvil;Calle Mutual, 2 Intersección con Avenida de la Peseta;Intersección con Avenida de la Peseta;Calle;Mutual;número;2;11;CARABANCHEL;436543,24;4468367,68;40.36346589;-3.747378466;Miércoles;Tarde;19:15;20:45;https://goo.gl/maps/STp3TBUpv8HfSDPC9;http://run.gob.es/PuntoMOVILResiduos
Punto Limpio Móvil;Avenida Nuestra Señora de Fátima, 15 ;;Avenida;Nuestra Señora de Fátima;número;15;11;CARABANCHEL;436817,76;4470851,96;40.38586625;-3.744391677;Lunes;Mañana;8:45;10:15;https://goo.gl/maps/E5RZ3VWbF8wATiTj8;http://run.gob.es/PuntoMOVILResiduos
Punto Limpio Móvil;Avenida Oporto, 33 ;;Avenida;Oporto;número;33;11;CARABANCHEL;438505,01;4470788,90;40.38542445;-3.724508546;Lunes;Tarde;15:45;17:15;https://goo.gl/maps/gDAUiAs4NVFG1ujt6;http://run.gob.es/PuntoMOVILResiduos
Punto Limpio Móvil;Avenida Oporto, 96 ;;Avenida;Oporto;número;96;11;CARABANCHEL;438078,26;4470987,84;40.38718499;-3.729555278;Viernes;Mañana;12:15;13:45;https://goo.gl/maps/Anb7EYcMyJdihS5M9;http://run.gob.es/PuntoMOVILResiduos
Punto Limpio Móvil;Calle Pinar de San José, 13 ;;Calle;Pinar de San José;número;13;11;CARABANCHEL;435295,30;4468443,89;40.36405652;-3.76208289;Lunes;Mañana;7:00;8:30;https://goo.gl/maps/6tASMF1dacAHn9Mw9;http://run.gob.es/PuntoMOVILResiduos
Punto Limpio Móvil;Avenida Plaza de Toros, 3 ;;Avenida;Plaza de Toros;número;3;11;CARABANCHEL;437399,58;4470811,58;40.38554646;-3.73753348;Viernes;Mañana;10:30;12:00;https://goo.gl/maps/6Hgs7bbVLg6HoTAV6;http://run.gob.es/PuntoMOVILResiduos
Punto Limpio Móvil;Calle San Braulio,  En la acera del Mercado Municipal de San Isidro, frente al número 3;En la acera del Mercado Municipal de San Isidro, frente al número 3;Calle;San Braulio;número;;11;CARABANCHEL;438469,30;4471471,06;40.39156704;-3.724995152;Miércoles;Tarde;14:00;15:30;https://goo.gl/maps/dVV66VnTuVQka9x7A;http://run.gob.es/PuntoMOVILResiduos
Punto Limpio Móvil;Calle Toboso, 134 ;;Calle;Toboso;número;134;11;CARABANCHEL;437480,77;4471691,97;40.39348348;-3.736663419;Miércoles;Mañana;10:30;12:00;https://goo.gl/maps/TBiyLyyBG1X28DDy5;http://run.gob.es/PuntoMOVILResiduos
Punto Limpio Móvil;Calle Amparo Usera, 47 ;;Calle;Amparo Usera;número;47;12;USERA;440008,82;4470937,71;40.38687465;-3.706806586;Viernes;Mañana;12:15;13:45;https://goo.gl/maps/k9SSToJ2T61yPjVY6;http://run.gob.es/PuntoMOVILResiduos
Punto Limpio Móvil;Calle Antonio López, 246-248 ;;Calle;Antonio López;número;246-248;12;USERA;440926,94;4470378,91;40.38190628;-3.695938392;Viernes;Mañana;10:30;12:00;https://goo.gl/maps/SL5CAWcScMmUJyW89;http://run.gob.es/PuntoMOVILResiduos
Punto Limpio Móvil;Calle Coníferas, 10 ;;Calle;Coníferas;número;10;12;USERA;441027,29;4468717,44;40.36694595;-3.694602542;Viernes;Tarde;19:15;20:45;https://goo.gl/maps/tdSqvXeTNfGiQmCA9;http://run.gob.es/PuntoMOVILResiduos
Punto Limpio Móvil;Calle del Santuario,  Intersección con Calle Hijas de Jesús y Calle San Antonio de Padua;Intersección con Calle Hijas de Jesús y Calle San Antonio de Padua;Calle;del Santuario;número;;12;USERA;440572,26;4470721,15;40.38496415;-3.700148519;Martes;Tarde;14:00;15:30;https://goo.gl/maps/EwC7ju6c4vAXYHfF7;http://run.gob.es/PuntoMOVILResiduos
Punto Limpio Móvil;Calle Dolores Barranco, 50 ;;Calle;Dolores Barranco;número;50;12;USERA;440003,69;4470544,29;40.38333013;-3.706829993;Martes;Tarde;15:45;17:15;https://goo.gl/maps/CwCwELdAfAjr6ubeA;http://run.gob.es/PuntoMOVILResiduos
Punto Limpio Móvil;Calle Estafeta, 20 Frente al número 7;Frente al número 7;Calle;Estafeta;número;20;12;USERA;441213,67;4469426,02;40.37334237;-3.692472821;Viernes;Tarde;17:30;19:00;https://goo.gl/maps/fQ7LQucSmUepap1RA;http://run.gob.es/PuntoMOVILResiduos
Punto Limpio Móvil;Calle Gran Avenida, 31 ;;Calle;Gran Avenida;número;31;12;USERA;440045,72;4469024,45;40.36964168;-3.706191846;Viernes;Mañana;7:00;8:30;https://goo.gl/maps/Pg2WPzPUJZDgbEju9;http://run.gob.es/PuntoMOVILResiduos
Punto Limpio Móvil;Calle Guetaria, 47 Intersección con Calle Villabona;Intersección con Calle Villabona;Calle;Guetaria;número;47;12;USERA;439253,30;4468975,92;40.36914712;-3.715520337;Martes;Mañana;7:00;8:30;https://goo.gl/maps/qicMZKENR9jovRMo8;http://run.gob.es/PuntoMOVILResiduos
Punto Limpio Móvil;Calle Manuel Noya, 15 ;;Calle;Manuel Noya;número;15;12;USERA;439532,69;4470930,76;40.38677762;-3.712415205;Martes;Tarde;19:15;20:45;https://goo.gl/maps/ZPi1Rd2c8i7d9yJi8;http://run.gob.es/PuntoMOVILResiduos
Punto Limpio Móvil;Calle Mariblanca, 18-20 Entre los número 18 y 20;Entre los número 18 y 20;Calle;Mariblanca;número;18-20;12;USERA;440065,32;4471458,49;40.39157013;-3.706189993;Viernes;Tarde;14:00;15:30;https://goo.gl/maps/tG2mmKkocwwq3XPP9;http://run.gob.es/PuntoMOVILResiduos
Punto Limpio Móvil;Avenida Orcasur, 44 Intersección con Calle Arenas del Rey, junto al Centro de Salud;Intersección con Calle Arenas del Rey, junto al Centro de Salud;Avenida;Orcasur;número;44;12;USERA;440506,50;4468567,22;40.36555568;-3.700722153;Martes;Mañana;10:30;12:00;https://goo.gl/maps/nBixGiu8fazBXnrj8;http://run.gob.es/PuntoMOVILResiduos
Punto Limpio Móvil;Calle Parque de la Paloma, 32 ;;Calle;Parque de la Paloma;número;32;12;USERA;439336,43;4470025,17;40.37860534;-3.714641117;Viernes;Mañana;8:45;10:15;https://goo.gl/maps/FvEnHz4Cx2Eoduc9A;http://run.gob.es/PuntoMOVILResiduos
Punto Limpio Móvil;Calle Periana, 6 ;;Calle;Periana;número;6;12;USERA;441543,92;4468873,40;40.36838731;-3.688532197;Martes;Mañana;12:15;13:45;https://goo.gl/maps/LV5hwYb5SP9zWv8G9;http://run.gob.es/PuntoMOVILResiduos
Punto Limpio Móvil;Avenida Rafaela Ybarra, 20 ;;Avenida;Rafaela Ybarra;número;20;12;USERA;439616,80;4470396,11;40.38196732;-3.711373636;Martes;Tarde;17:30;19:00;https://goo.gl/maps/HudLeF4jHDvwHnB57;http://run.gob.es/PuntoMOVILResiduos
Punto Limpio Móvil;Calle Simca, 4 Intersección con Calle Dodge;Intersección con Calle Dodge;Calle;Simca;número;4;12;USERA;439712,10;4468664,29;40.36637303;-3.710087199;Martes;Mañana;8:45;10:15;https://goo.gl/maps/cqxUgtH5DsLeH6CY7;http://run.gob.es/PuntoMOVILResiduos
Punto Limpio Móvil;Calle Virgen de las Cruces, 2-4 ;;Calle;Virgen de las Cruces;número;2-4;12;USERA;441219,87;4469970,76;40.37825013;-3.692449994;Viernes;Tarde;15:45;17:15;https://goo.gl/maps/MFBQtuJqnEjwuSuX9;http://run.gob.es/PuntoMOVILResiduos
Punto Limpio Móvil;Calle Andaluces, 9 ;;Calle;Andaluces;número;9;13;PUENTE VALLECAS;445969,39;4471231,37;40.38992802;-3.636609339;Martes;Mañana;12:15;13:45;https://goo.gl/maps/WKH6GEve92HvvQXp9;http://run.gob.es/PuntoMOVILResiduos
Punto Limpio Móvil;Calle Arroyo del Olivar,  Intersección con Calle Martínez de la Riva, 18;Intersección con Calle Martínez de la Riva, 18;Calle;Arroyo del Olivar;número;;13;PUENTE VALLECAS;443463,25;4471710,98;40.39408233;-3.666178413;Jueves;Tarde;15:45;17:15;https://goo.gl/maps/qRC1xDXJ8rQZfYPm7;http://run.gob.es/PuntoMOVILResiduos
Punto Limpio Móvil;Calle Cooperativa Eléctrica, 18 ;;Calle;Cooperativa Eléctrica;número;18;13;PUENTE VALLECAS;443927,89;4469543,93;40.37459162;-3.660513091;Martes;Mañana;7:00;8:30;https://goo.gl/maps/LQfLvZP7erKsPYuc9;http://run.gob.es/PuntoMOVILResiduos
Punto Limpio Móvil;Avenida de Buenos Aires, 25 ;;Avenida;de Buenos Aires;número;25;13;PUENTE VALLECAS;444594,75;4470982,35;40.3875944;-3.652783229;Martes;Tarde;19:15;20:45;https://goo.gl/maps/qpS6uJqKboieCcpV8;http://run.gob.es/PuntoMOVILResiduos
Punto Limpio Móvil;Avenida de Buenos Aires, 99 ;;Avenida;de Buenos Aires;número;99;13;PUENTE VALLECAS;444592,00;4470080,53;40.37947003;-3.65273719;Jueves;Mañana;12:15;13:45;https://goo.gl/maps/NGS9HFjv6kVJKw9f6;http://run.gob.es/PuntoMOVILResiduos
Punto Limpio Móvil;Calle Diligencia, 22 Intersección con Calle la Violetera, frente al Vivero de Empresas;Intersección con Calle la Violetera, frente al Vivero de Empresas;Calle;Diligencia;número;22;13;PUENTE VALLECAS;444302,77;4470488,95;40.38313013;-3.656179994;Martes;Mañana;8:45;10:15;https://goo.gl/maps/Ny9a873aJiN3Lmx68;http://run.gob.es/PuntoMOVILResiduos
Punto Limpio Móvil;Calle Humanes, 27 ;;Calle;Humanes;número;27;13;PUENTE VALLECAS;445210,15;4471826,88;40.39524315;-3.645605693;Martes;Tarde;15:45;17:15;https://goo.gl/maps/gou5tYyJ9Dqp9F8b6;http://run.gob.es/PuntoMOVILResiduos
Punto Limpio Móvil;Calle Javier de Miguel, 40 ;;Calle;Javier de Miguel;número;40;13;PUENTE VALLECAS;443928,66;4470983,48;40.38756002;-3.660630692;Jueves;Tarde;17:30;19:00;https://goo.gl/maps/RQ8qz7m4wm7MZiKd8;http://run.gob.es/PuntoMOVILResiduos
Punto Limpio Móvil;Calle La Mancha, 2 ;;Calle;La Mancha;número;2;13;PUENTE VALLECAS;443184,26;4470315,25;40.38148977;-3.669341034;Sabado;Tarde;14:00;15:30;https://goo.gl/maps/ZSmm3NKPZmJ6qzwLA;http://run.gob.es/PuntoMOVILResiduos
Punto Limpio Móvil;Calle Marismas, 24 ;;Calle;Marismas;número;24;13;PUENTE VALLECAS;444538,49;4472519,71;40.40144013;-3.653579994;Martes;Tarde;14:00;15:30;https://goo.gl/maps/9BR4fwh4nUkGrSwj9;http://run.gob.es/PuntoMOVILResiduos
Punto Limpio Móvil;Calle Monleón, 2 ;;Calle;Monleón;número;2;13;PUENTE VALLECAS;444390,17;4471517,84;40.39240479;-3.655240189;Jueves;Tarde;14:00;15:30;https://goo.gl/maps/1PSFgJDeysqLtwJn7;http://run.gob.es/PuntoMOVILResiduos
Punto Limpio Móvil;Avenida Pablo Neruda, 89 ;;Avenida;Pablo Neruda;número;89;13;PUENTE VALLECAS;443966,93;4470271,88;40.38115207;-3.660117241;Sabado;Tarde;15:45;17:15;https://goo.gl/maps/ChgzsC8ZeQqW8i7L6;http://run.gob.es/PuntoMOVILResiduos
Punto Limpio Móvil;Avenida Rafael Alberti, 34 ;;Avenida;Rafael Alberti;número;34;13;PUENTE VALLECAS;445452,36;4470656,43;40.3847149;-3.642651544;Sabado;Tarde;17:30;19:00;https://goo.gl/maps/MJjexN2i4PK2mSiv7;http://run.gob.es/PuntoMOVILResiduos
Punto Limpio Móvil;Calle Rafael Fernández Hijicos, 32 ;;Calle;Rafael Fernández Hijicos;número;32;13;PUENTE VALLECAS;446071,56;4471283,04;40.39040013;-3.635409994;Martes;Tarde;17:30;19:00;https://goo.gl/maps/shXZQU2WZAYkW63p7;http://run.gob.es/PuntoMOVILResiduos
Punto Limpio Móvil;Calle Ramírez Tomé, 38 ;;Calle;Ramírez Tomé;número;38;13;PUENTE VALLECAS;445128,90;4471110,68;40.38878583;-3.646501324;Jueves;Mañana;10:30;12:00;https://goo.gl/maps/p5ZetZwM6DS6vKJ86;http://run.gob.es/PuntoMOVILResiduos
Punto Limpio Móvil;Calle Ruidera, 26 ;;Calle;Ruidera;número;26;13;PUENTE VALLECAS;442665,31;4470184,77;40.38027879;-3.675442596;Jueves;Tarde;19:15;20:45;https://goo.gl/maps/ZqZraJtgUmhejyCw9;http://run.gob.es/PuntoMOVILResiduos
Punto Limpio Móvil;Avenida San Diego, 78 Intersección con Calle Manuel Maroto;Intersección con Calle Manuel Maroto;Avenida;San Diego;número;78;13;PUENTE VALLECAS;443184,53;4471012,40;40.38777013;-3.669399994;Martes;Mañana;10:30;12:00;https://goo.gl/maps/qwNT7hpGRavsSTvM7;http://run.gob.es/PuntoMOVILResiduos
Punto Limpio Móvil;Avenida San Diego, 111 ;;Avenida;San Diego;número;111;13;PUENTE VALLECAS;443629,46;4470440,95;40.38265243;-3.664107653;Sabado;Mañana;12:15;13:45;https://goo.gl/maps/5BNVeAwpgTN8nUZe8;http://run.gob.es/PuntoMOVILResiduos
Punto Limpio Móvil;Calle Santa Marta, 15 ;;Calle;Santa Marta;número;15;13;PUENTE VALLECAS;443822,93;4472671,33;40.40275803;-3.662025225;Jueves;Mañana;7:00;8:30;https://goo.gl/maps/yNC4RnDb9KmXZhqV7;http://run.gob.es/PuntoMOVILResiduos
Punto Limpio Móvil;Camino Valderribas, 99 ;;Camino;Valderribas;número;99;13;PUENTE VALLECAS;443298,92;4472633,08;40.40237793;-3.668196679;Jueves;Mañana;8:45;10:15;https://goo.gl/maps/QnYdoBECRjdVLBKYA;http://run.gob.es/PuntoMOVILResiduos
Punto Limpio Móvil;Calle Camino de los Vinateros, 10-12 ;;Calle;Camino de los Vinateros;número;10-12;14;MORATALAZ;443962,20;4473544,21;40.41063083;-3.660460934;Viernes;Tarde;14:00;15:30;https://goo.gl/maps/3QoANCJTdsqDm9UF9;http://run.gob.es/PuntoMOVILResiduos
Punto Limpio Móvil;Calle Camino de Vinateros, 108 ;;Calle;Camino de Vinateros;número;108;14;MORATALAZ;445107,48;4473267,68;40.40821598;-3.646939656;Viernes;Mañana;10:30;12:00;https://goo.gl/maps/37PLJUocZYuabFAL9;http://run.gob.es/PuntoMOVILResiduos
Punto Limpio Móvil;Calle Camino de Vinateros, 63 ;;Calle;Camino de Vinateros;número;63;14;MORATALAZ;444685,42;4473515,98;40.41042488;-3.651935154;Viernes;Mañana;12:15;13:45;https://goo.gl/maps/PoYyRwstPQbXZBKJ7;http://run.gob.es/PuntoMOVILResiduos
Punto Limpio Móvil;Avenida Doctor García Tapia, 135 ;;Avenida;Doctor García Tapia;número;135;14;MORATALAZ;445941,63;4473366,16;40.40915774;-3.63711767;Jueves;Tarde;17:30;19:00;https://goo.gl/maps/iGqZwtEUBVFdBoTR8;http://run.gob.es/PuntoMOVILResiduos
Punto Limpio Móvil;Calle Encomienda de Palacios, 360 ;;Calle;Encomienda de Palacios;número;360;14;MORATALAZ;446155,78;4472002,79;40.39688953;-3.634478572;Viernes;Mañana;8:45;10:15;https://goo.gl/maps/J5rFEqiMLU5GjDUf6;http://run.gob.es/PuntoMOVILResiduos
Punto Limpio Móvil;Calle Fuente Carrantona, 41 ;;Calle;Fuente Carrantona;número;41;14;MORATALAZ;446443,54;4473270,54;40.40832878;-3.631194585;Jueves;Tarde;19:15;20:45;https://goo.gl/maps/N5CMgfbYSvy1Yw326;http://run.gob.es/PuntoMOVILResiduos
Punto Limpio Móvil;Calle Hacienda de Pavones, 220 ;;Calle;Hacienda de Pavones;número;220;14;MORATALAZ;445687,07;4472498,22;40.40132224;-3.640043602;Viernes;Mañana;7:00;8:30;https://goo.gl/maps/mPBM6Dsmmssz795T6;http://run.gob.es/PuntoMOVILResiduos
Punto Limpio Móvil;Calle Hacienda de Pavones, 72 ;;Calle;Hacienda de Pavones;número;72;14;MORATALAZ;445169,27;4472738,84;40.40345595;-3.646165909;Viernes;Mañana;8:45;10:15;https://goo.gl/maps/uBNDJS7ptcTc5MiY8;http://run.gob.es/PuntoMOVILResiduos
Punto Limpio Móvil;Avenida Moratalaz, 39 ;;Avenida;Moratalaz;número;39;14;MORATALAZ;444112,81;4473200,76;40.40754695;-3.658655805;Viernes;Tarde;15:45;17:15;https://goo.gl/maps/LLnMr55NmAWwq8SY8;http://run.gob.es/PuntoMOVILResiduos
Punto Limpio Móvil;Calle Pico de Artilleros, 55 ;;Calle;Pico de Artilleros;número;55;14;MORATALAZ;445592,60;4472886,08;40.40481013;-3.641189994;Viernes;Tarde;17:30;19:00;https://goo.gl/maps/ALtQM7N7ioVWKJow8;http://run.gob.es/PuntoMOVILResiduos
Punto Limpio Móvil;Calle Tacona, 1 Intersección con Arroyo Fontarrón;Intersección con Arroyo Fontarrón;Calle;Tacona;número;1;14;MORATALAZ;445589,72;4471957,48;40.3964446;-3.641144577;Viernes;Tarde;19:15;20:45;https://goo.gl/maps/29cSZHvwxrQXti9y5;http://run.gob.es/PuntoMOVILResiduos
Punto Limpio Móvil;Calle Valdebernardo, 45 ;;Calle;Valdebernardo;número;45;14;MORATALAZ;446384,26;4472738,44;40.40353147;-3.631848368;Viernes;Mañana;7:00;8:30;https://goo.gl/maps/mEWFkr3g1FUrvx1d6;http://run.gob.es/PuntoMOVILResiduos
Punto Limpio Móvil;Calle Agastia, 42 Frente al número 42;Frente al número 42;Calle;Agastia;número;42;15;CIUDAD LINEAL;444793,35;4477415,59;40.44556187;-3.65100177;Lunes;Tarde;14:00;15:30;https://goo.gl/maps/4bBqv7h1RzjqrFMSA;http://run.gob.es/PuntoMOVILResiduos
Punto Limpio Móvil;Calle Alcalá, 287 Intersección con Calle Buen Gobernador;Intersección con Calle Buen Gobernador;Calle;Alcalá;número;287;15;CIUDAD LINEAL;444506,16;4475947,80;40.43232013;-3.654259994;Martes;Tarde;15:45;17:15;https://goo.gl/maps/jNuWKF1VQ6ddhWx77;http://run.gob.es/PuntoMOVILResiduos
Punto Limpio Móvil;Calle Arturo Soria, 242 ;;Calle;Arturo Soria;número;242;15;CIUDAD LINEAL;443589,38;4479647,50;40.46558716;-3.66539655;Lunes;Tarde;17:30;19:00;https://goo.gl/maps/Tgj35GwdQMMYUTMWA;http://run.gob.es/PuntoMOVILResiduos
Punto Limpio Móvil;Calle Arturo Soria, 320 ;;Calle;Arturo Soria;número;320;15;CIUDAD LINEAL;443357,17;4481056,31;40.47826258;-3.668261241;Viernes;Mañana;10:30;12:00;https://goo.gl/maps/kBw2HC3z2Vw7XGe99;http://run.gob.es/PuntoMOVILResiduos
Punto Limpio Móvil;Calle Cañas,  Frente al número 13;Frente al número 13;Calle;Cañas;número;;15;CIUDAD LINEAL;444088,00;4478794,51;40.45793674;-3.659440281;Lunes;Tarde;15:45;17:15;https://goo.gl/maps/biUWxguqRajvZZeM7;http://run.gob.es/PuntoMOVILResiduos
Punto Limpio Móvil;Calle Elfo, 55-57 ;;Calle;Elfo;número;55-57;15;CIUDAD LINEAL;444683,80;4476110,77;40.43380013;-3.652179994;Viernes;Tarde;15:45;17:15;https://goo.gl/maps/jZ64bgmsEuLHE5Gj9;http://run.gob.es/PuntoMOVILResiduos
Punto Limpio Móvil;Calle Ezequiel Solana, 73 ;;Calle;Ezequiel Solana;número;73;15;CIUDAD LINEAL;445454,96;4475511,91;40.42845615;-3.643037113;Martes;Tarde;19:15;20:45;https://goo.gl/maps/32B9wKF6bFtLXnt66;http://run.gob.es/PuntoMOVILResiduos
Punto Limpio Móvil;Calle Gómez de Avellaneda, 14 ;;Calle;Gómez de Avellaneda;número;14;15;CIUDAD LINEAL;445480,21;4476101,61;40.43377013;-3.642789994;Lunes;Mañana;10:30;12:00;https://goo.gl/maps/e6dqqkuz8xY9KvQKA;http://run.gob.es/PuntoMOVILResiduos
Punto Limpio Móvil;Calle Hermanos Machado,  Intersección con Calle Los Collados;Intersección con Calle Los Collados;Calle;Hermanos Machado;número;;15;CIUDAD LINEAL;444949,64;4475812,43;40.43113013;-3.649019994;Martes;Tarde;17:30;19:00;https://goo.gl/maps/45zSuUig9i2H5Xpk8;http://run.gob.es/PuntoMOVILResiduos
Punto Limpio Móvil;Avenida Hermanos García Noblejas, 158 ;;Avenida;Hermanos García Noblejas;número;158;15;CIUDAD LINEAL;446637,11;4475121,56;40.42501632;-3.629068666;Viernes;Tarde;19:15;20:45;https://goo.gl/maps/3HGn1chT21RxrtfY7;http://run.gob.es/PuntoMOVILResiduos
Punto Limpio Móvil;Calle José del Hierro, 37 Intersección con Calle Rosalía Trujillo;Intersección con Calle Rosalía Trujillo;Calle;José del Hierro;número;37;15;CIUDAD LINEAL;445310,31;4476784,75;40.43991309;-3.64485179;Viernes;Tarde;14:00;15:30;https://goo.gl/maps/z7Wro6Hbkz3Knhr16;http://run.gob.es/PuntoMOVILResiduos
Punto Limpio Móvil;Calle Julio Dánvila, 1 Frente al colegio;Frente al colegio;Calle;Julio Dánvila;número;1;15;CIUDAD LINEAL;443458,44;4480309,30;40.47154013;-3.666999994;Lunes;Tarde;19:15;20:45;https://goo.gl/maps/Sq87YKgZQeaAoVuJ6;http://run.gob.es/PuntoMOVILResiduos
Punto Limpio Móvil;Calle María Teresa Sáenz de Heredia, 44 ;;Calle;María Teresa Sáenz de Heredia;número;44;15;CIUDAD LINEAL;444790,08;4475198,42;40.4255882;-3.650847751;Viernes;Tarde;17:30;19:00;https://goo.gl/maps/BJZZcf8hzKiVuYRy6;http://run.gob.es/PuntoMOVILResiduos
Punto Limpio Móvil;Calle San Marcelo, 6 ;;Calle;San Marcelo;número;6;15;CIUDAD LINEAL;444161,68;4475366,47;40.42706013;-3.658269994;Lunes;Mañana;7:00;8:30;https://goo.gl/maps/Wu7guiE3FbDrRxtL7;http://run.gob.es/PuntoMOVILResiduos
Punto Limpio Móvil;Calle Santurce,  Intersección con Calle Luis Ruiz;Intersección con Calle Luis Ruiz;Calle;Santurce;número;;15;CIUDAD LINEAL;446077,17;4475366,87;40.42719013;-3.635689994;Lunes;Mañana;8:45;10:15;https://goo.gl/maps/ACkuSvCXgXHnUhrJ7;http://run.gob.es/PuntoMOVILResiduos
Punto Limpio Móvil;Calle Torrelaguna, 66 ;;Calle;Torrelaguna;número;66;15;CIUDAD LINEAL;444284,28;4477775,95;40.44877423;-3.657036057;Viernes;Mañana;12:15;13:45;https://goo.gl/maps/Lu7ErZvCAX5Vb6gM8;http://run.gob.es/PuntoMOVILResiduos
Punto Limpio Móvil;Calle Virgen de África, 14 ;;Calle;Virgen de África;número;14;15;CIUDAD LINEAL;444534,76;4476616,93;40.43834992;-3.653981217;Lunes;Mañana;12:15;13:45;https://goo.gl/maps/7nVGxxAm3d2JXmGG8;http://run.gob.es/PuntoMOVILResiduos
Punto Limpio Móvil;calle Abelias, 1 esquina Avda. Arces ;esquina Avda. Arces ;calle;Abelias;número;1;16;HORTALEZA;447020,91;4478148,67;40.4523108158298;-3.62479689737055;Jueves;Tarde;15:45;17:15;https://goo.gl/maps/6TSngHxjY8n1oXWD8;http://run.gob.es/PuntoMOVILResiduos
Punto Limpio Móvil;Avenida Celio Villalba,  Intersección con Calle Manizales;Intersección con Calle Manizales;Avenida;Celio Villalba;número;;16;HORTALEZA;446022,61;4480624,50;40.47455013;-3.636779994;Martes;Tarde;14:00;15:30;https://goo.gl/maps/Uyi4RtGGcXLtLxRH6;http://run.gob.es/PuntoMOVILResiduos
Punto Limpio Móvil;Calle Cuevas de la Almanzora, 18 ;;Calle;Cuevas de la Almanzora;número;18;16;HORTALEZA;444128,94;4480874,57;40.47667771;-3.659140563;Sabado;Mañana;10:30;12:00;https://goo.gl/maps/5Jx6Y4FSaoQCLydBA;http://run.gob.es/PuntoMOVILResiduos
Punto Limpio Móvil;Carretera de Canillas, 39 Intersección con Calle Andrés Obispo;Intersección con Calle Andrés Obispo;Carretera;de Canillas;número;39;16;HORTALEZA;445060,54;4479364,92;40.46314013;-3.648019994;Martes;Tarde;17:30;19:00;https://goo.gl/maps/5ws65NxmNJJeDWTq5;http://run.gob.es/PuntoMOVILResiduos
Punto Limpio Móvil;Calle Estíbaliz, 28 Intersección con Calle Pablo Serano;Intersección con Calle Pablo Serano;Calle;Estíbaliz;número;28;16;HORTALEZA;445059,54;4480153,07;40.47024013;-3.648099994;Jueves;Mañana;8:45;10:15;https://goo.gl/maps/wVzNZZizSimsU4DN9;http://run.gob.es/PuntoMOVILResiduos
Punto Limpio Móvil;Avenida Francisco Pi y Margall, 72 ;;Avenida;Francisco Pi y Margall;número;72;16;HORTALEZA;444145,15;4482435,53;40.49074059;-3.659086913;Sabado;Mañana;12:15;13:45;https://goo.gl/maps/k3ZgfdkcXGHhdCn87;http://run.gob.es/PuntoMOVILResiduos
Punto Limpio Móvil;Calle Luis Moya Blanco, 27 ;;Calle;Luis Moya Blanco;número;27;16;HORTALEZA;447765,99;4482999,86;40.49606013;-3.616409994;Sabado;Tarde;15:45;17:15;https://goo.gl/maps/SRrxTcJfnPZT9PSU9;http://run.gob.es/PuntoMOVILResiduos
Punto Limpio Móvil;Avenida Madroños, 61 ;;Avenida;Madroños;número;61;16;HORTALEZA;446340,39;4478598,57;40.45632013;-3.632859994;Martes;Tarde;19:15;20:45;https://goo.gl/maps/DosXxogzqafNoo1k6;http://run.gob.es/PuntoMOVILResiduos
Punto Limpio Móvil;Calle Montearagón, 11 ;;Calle;Montearagón;número;11;16;HORTALEZA;444177,72;4479401,51;40.46341089;-3.658435542;Martes;Tarde;15:45;17:15;https://goo.gl/maps/e4K3sPXmvfS4ccxb9;http://run.gob.es/PuntoMOVILResiduos
Punto Limpio Móvil;Calle Moscatelar, 35 ;;Calle;Moscatelar;número;35;16;HORTALEZA;445183,23;4478714,89;40.45729245;-3.646516762;Jueves;Mañana;10:30;12:00;https://goo.gl/maps/YszK7Rz7kMMnXFXu7;http://run.gob.es/PuntoMOVILResiduos
Punto Limpio Móvil;Avenida Niceto Alcalá Zamora, 78 Intersección con Vicente Blasco Ibañez;Intersección con Vicente Blasco Ibañez;Avenida;Niceto Alcalá Zamora;número;78;16;HORTALEZA;444716,97;4483076,55;40.4965535;-3.652395738;Sabado;Tarde;14:00;15:30;https://goo.gl/maps/RtTBdhtgrBSWCLYX9;http://run.gob.es/PuntoMOVILResiduos
Punto Limpio Móvil;Avenida Prunos, 44 Intersección con Avenida Arroyo del Santo;Intersección con Avenida Arroyo del Santo;Avenida;Prunos;número;44;16;HORTALEZA;447250,82;4478174,33;40.45255663;-3.622087825;Sabado;Mañana;8:45;10:15;https://goo.gl/maps/mdNyL5kobem8XJnz7;http://run.gob.es/PuntoMOVILResiduos
Punto Limpio Móvil;Avenida San Luis, 27 ;;Avenida;San Luis;número;27;16;HORTALEZA;444307,38;4480241,88;40.47099013;-3.656979994;Jueves;Mañana;7:00;8:30;https://goo.gl/maps/xQfPgbwJHVo9yeZZ6;http://run.gob.es/PuntoMOVILResiduos
Punto Limpio Móvil;Calle Silvano, 97 Frente al número 97, intersección con Avenida Machupichu;Frente al número 97, intersección con Avenida Machupichu;Calle;Silvano;número;97;16;HORTALEZA;446183,56;4479298,34;40.46261384;-3.634768951;Jueves;Mañana;12:15;13:45;https://goo.gl/maps/3XsQTGDTLEtWu5YX9;http://run.gob.es/PuntoMOVILResiduos
Punto Limpio Móvil;Camino Viejo de Burgos, 24 ;;Camino;Viejo de Burgos;número;24;16;HORTALEZA;446488,70;4481435,19;40.48188344;-3.63135024;Sabado;Tarde;17:30;19:00;https://goo.gl/maps/QaS6AbdpSjkdusPH7;http://run.gob.es/PuntoMOVILResiduos
Punto Limpio Móvil;Avenida Virgen del Carmen,  Acera impares, frente al número 84;Acera impares, frente al número 84;Avenida;Virgen del Carmen;número;;16;HORTALEZA;445107,14;4480737,23;40.47550565;-3.647589094;Sabado;Tarde;19:15;20:45;https://goo.gl/maps/Nmb8Hc9HzJDWVWmR8;http://run.gob.es/PuntoMOVILResiduos
Punto Limpio Móvil;Paseo Alberto Palacios, 1 Intersección con Plaza Ágata;Intersección con Plaza Ágata;Paseo;Alberto Palacios;número;1;17;VILLAVERDE;439756,38;4466455,18;40.34647541;-3.709357091;Miércoles;Mañana;7:00;8:30;https://goo.gl/maps/CkpmWx6yEbieVXm68;http://run.gob.es/PuntoMOVILResiduos
Punto Limpio Móvil;Paseo Alberto Palacios, 76 ;;Paseo;Alberto Palacios;número;76;17;VILLAVERDE;439229,76;4466149,51;40.34368355;-3.715528398;Miércoles;Mañana;8:45;10:15;https://goo.gl/maps/JwELtcu8kTTgEG5f7;http://run.gob.es/PuntoMOVILResiduos
Punto Limpio Móvil;Calle Arroyo de la Bulera,  Frente al número 11;Frente al número 11;Calle;Arroyo de la Bulera;número;;17;VILLAVERDE;442204,91;4465591,73;40.33887013;-3.680449994;Viernes;Mañana;12:15;13:45;https://goo.gl/maps/9tQTBgzQ5kMFEqNn6;http://run.gob.es/PuntoMOVILResiduos
Punto Limpio Móvil;Calle Berrocal, 14 ;;Calle;Berrocal;número;14;17;VILLAVERDE;442442,55;4466535,77;40.34739104;-3.677737378;Miércoles;Mañana;12:15;13:45;https://goo.gl/maps/yh4KUFrYUYDgxiEr9;http://run.gob.es/PuntoMOVILResiduos
Punto Limpio Móvil;Calle Berrocal, 72 ;;Calle;Berrocal;número;72;17;VILLAVERDE;442647,27;4465842,89;40.34116319;-3.675264764;Viernes;Tarde;14:00;15:30;https://goo.gl/maps/29FnH9gBf8FSvcm47;http://run.gob.es/PuntoMOVILResiduos
Punto Limpio Móvil;Calle Carmen de Burgos, 4 ;;Calle;Carmen de Burgos;número;4;17;VILLAVERDE;441841,64;4467654,27;40.35742549;-3.684914537;Viernes;Tarde;15:45;17:15;https://goo.gl/maps/BVxXkSd7shccUk2B9;http://run.gob.es/PuntoMOVILResiduos
Punto Limpio Móvil;Calle Ciudadania, 6 ;;Calle;Ciudadania;número;6;17;VILLAVERDE;441214,79;4467553,92;40.35647756;-3.692286994;Miércoles;Tarde;14:00;15:30;https://goo.gl/maps/Jw54GMykLUU1sC3H9;http://run.gob.es/PuntoMOVILResiduos
Punto Limpio Móvil;Calle Godella,  Detrás del número 100, en la plaza frente al 116;Detrás del número 100, en la plaza frente al 116;Calle;Godella;número;;17;VILLAVERDE;441525,68;4465807,01;40.340762;-3.688466;Miércoles;Mañana;10:30;12:00;https://goo.gl/maps/8NRV8qv1VD2k546M7;http://run.gob.es/PuntoMOVILResiduos
Punto Limpio Móvil;Calle la Canción del Olvido, 47 ;;Calle;la Canción del Olvido;número;47;17;VILLAVERDE;440576,44;4467618,06;40.35701013;-3.699809994;Viernes;Tarde;19:15;20:45;https://goo.gl/maps/pZHe8U1VXCxGKZyb8;http://run.gob.es/PuntoMOVILResiduos
Punto Limpio Móvil;Calle La del Manojo de Rosas, 14 ;;Calle;La del Manojo de Rosas;número;14;17;VILLAVERDE;440769,53;4467935,53;40.35988379;-3.697565708;Miércoles;Tarde;17:30;19:00;https://goo.gl/maps/eRmCNkQ4FLk9mxdK7;http://run.gob.es/PuntoMOVILResiduos
Punto Limpio Móvil;Calle La del Manojo de Rosas, 95 ;;Calle;La del Manojo de Rosas;número;95;17;VILLAVERDE;440687,52;4467186,95;40.35313432;-3.698461892;Miércoles;Tarde;19:15;20:45;https://goo.gl/maps/PbW4bauQRijasPHE6;http://run.gob.es/PuntoMOVILResiduos
Punto Limpio Móvil;Calle Laguna Rodrigo, 7 ;;Calle;Laguna Rodrigo;número;7;17;VILLAVERDE;440014,09;4467024,04;40.35161857;-3.7063763;Viernes;Tarde;19:15;20:45;https://goo.gl/maps/Aiah4S81BmL8CXib7;http://run.gob.es/PuntoMOVILResiduos
Punto Limpio Móvil;Avenida Rosales,  Intersección con Calle Tántalo;Intersección con Calle Tántalo;Avenida;Rosales;número;;17;VILLAVERDE;442294,55;4467199,50;40.35336013;-3.679539994;Viernes;Mañana;10:30;12:00;https://goo.gl/maps/BR5q4h1Lk9Rwu2846;http://run.gob.es/PuntoMOVILResiduos
Punto Limpio Móvil;Calle Santa Petronila,  Intersección con Calle José del Pino;Intersección con Calle José del Pino;Calle;Santa Petronila;número;;17;VILLAVERDE;441210,83;4466913,96;40.35071212;-3.692274736;Viernes;Tarde;17:30;19:00;https://goo.gl/maps/CD4BtEPPSh2enMZh6;http://run.gob.es/PuntoMOVILResiduos
Punto Limpio Móvil;Calle Tertulia,  Intersección con Calle Círculo;Intersección con Calle Círculo;Calle;Tertulia;número;;17;VILLAVERDE;441157,83;4468197,15;40.36226806;-3.693017119;Miércoles;Tarde;15:45;17:15;https://goo.gl/maps/X2zWWRDXRE5pJCHcA;http://run.gob.es/PuntoMOVILResiduos
Punto Limpio Móvil;Calle Embalse de Navacerrada,  Frente al número 50;Frente al número 50;Calle;Embalse de Navacerrada;número;;18;VILLA DE VALLECAS;448920,51;4468158,40;40.36243065;-3.601593679;Jueves;Mañana;12:15;13:45;https://goo.gl/maps/dhwk9GYjj7EUaaxs6;http://run.gob.es/PuntoMOVILResiduos
Punto Limpio Móvil;Calle Enrique García Álvarez,  Frente al número 10;Frente al número 10;Calle;Enrique García Álvarez;número;;18;VILLA DE VALLECAS;447815,84;4470316,07;40.38180013;-3.614779994;Martes;Mañana;12:15;13:45;https://goo.gl/maps/ZdGSUj3V8HZr7aJS9;http://run.gob.es/PuntoMOVILResiduos
Punto Limpio Móvil;Paseo Federico García Lorca, 3 ;;Paseo;Federico García Lorca;número;3;18;VILLA DE VALLECAS;447286,42;4470053,98;40.37940569;-3.620995046;Jueves;Tarde;15:45;17:15;* parada sin placas;http://run.gob.es/PuntoMOVILResiduos
Punto Limpio Móvil;Calle Fuentespina, 10 ;;Calle;Fuentespina;número;10;18;VILLA DE VALLECAS;448482,94;4470052,83;40.37947013;-3.606899994;Martes;Tarde;14:00;15:30;https://goo.gl/maps/Cn1wwYkX921sBAhSA;http://run.gob.es/PuntoMOVILResiduos
Punto Limpio Móvil;Avenida Gavia, 14 ;;Avenida;Gavia;número;14;18;VILLA DE VALLECAS;448175,45;4469566,88;40.37507331;-3.610482743;Jueves;Tarde;17:30;19:00;https://goo.gl/maps/hPFJGhVKBFgCrTZb6;http://run.gob.es/PuntoMOVILResiduos
Punto Limpio Móvil;Avenida Gran Vía del Suereste, 55 ;;Avenida;Gran Vía del Suereste;número;55;18;VILLA DE VALLECAS;449631,14;4467582,44;40.35728524;-3.59317915;Jueves;Mañana;7:00;8:30;https://goo.gl/maps/ChvJkXuqwzXJH5Hx8;http://run.gob.es/PuntoMOVILResiduos
Punto Limpio Móvil;Avenida Gran Vía del Suereste, 11 ;;Avenida;Gran Vía del Suereste;número;11;18;VILLA DE VALLECAS;450106,99;4468329,42;40.36404321;-3.587633913;Jueves;Mañana;8:45;10:15;https://goo.gl/maps/41rbK3q9Cfm3mjTe8;http://run.gob.es/PuntoMOVILResiduos
Punto Limpio Móvil;Avenida Las Suertes,  Frente al número 67;Frente al número 67;Avenida;Las Suertes;número;;18;VILLA DE VALLECAS;449614,83;4468373,88;40.36441415;-3.593433734;Jueves;Mañana;10:30;12:00;https://goo.gl/maps/UbXyZ9tzuuraHidV8;http://run.gob.es/PuntoMOVILResiduos
Punto Limpio Móvil;Bulevar Naturaleza, 13 ;;Bulevar;Naturaleza;número;13;18;VILLA DE VALLECAS;446534,33;4469272,76;40.37232002;-3.629789046;Martes;Mañana;10:30;12:00;https://goo.gl/maps/EkHoEM6Sb1cmutZc7;http://run.gob.es/PuntoMOVILResiduos
Punto Limpio Móvil;Calle Peñaranda de Bracamonte, 53 ;;Calle;Peñaranda de Bracamonte;número;53;18;VILLA DE VALLECAS;448130,30;4468637,39;40.366697;-3.61093895;Martes;Mañana;7:00;8:30;https://goo.gl/maps/kLU1h5TgzjJwfCJy7;http://run.gob.es/PuntoMOVILResiduos
Punto Limpio Móvil;Calle Puentelarrá, 13 ;;Calle;Puentelarrá;número;13;18;VILLA DE VALLECAS;448281,15;4470386,89;40.38246707;-3.609304279;Jueves;Tarde;19:15;20:45;https://goo.gl/maps/xKWjxmFbaFdgFNHg9;http://run.gob.es/PuntoMOVILResiduos
Punto Limpio Móvil;Calle Sierra Vieja, 1 ;;Calle;Sierra Vieja;número;1;18;VILLA DE VALLECAS;446556,28;4469822,16;40.37727079;-3.629576569;Jueves;Tarde;14:00;15:30;https://goo.gl/maps/3fWFn5NNkBQj1j1u9;http://run.gob.es/PuntoMOVILResiduos
Punto Limpio Móvil;Avenida Villa de Vallecas, 13 ;;Avenida;Villa de Vallecas;número;13;18;VILLA DE VALLECAS;447453,54;4468963,83;40.36959542;-3.618936523;Martes;Mañana;8:45;10:15;https://goo.gl/maps/xzg5FYy2TZQSNPFf8;http://run.gob.es/PuntoMOVILResiduos
Punto Limpio Móvil;Calle Abad Juan Catalán, 52-56 ;;Calle;Abad Juan Catalán;número;52-56;19;VICALVARO;449729,34;4473042,68;40.40648092;-3.592453479;Miércoles;Tarde;19:15;20:45;https://goo.gl/maps/6XgFhdgQyw5Rxrv88;http://run.gob.es/PuntoMOVILResiduos
Punto Limpio Móvil;Avenida Blas de Lezo, 22 ;;Avenida;Blas de Lezo;número;22;19;VICALVARO;453115,63;4473036,70;40.4066246; -3.552546;Viernes;Mañana;12:15;13:30;https://goo.gl/maps/Rq4Np9AFPxA6kfSe6;http://run.gob.es/PuntoMOVILResiduos
Punto Limpio Móvil;Calle Casalarreina, 3 Intersección con Plaza de la Vicalvarada;Intersección con Plaza de la Vicalvarada;Calle;Casalarreina;número;3;19;VICALVARO;448194,60;4473379,15;40.409418;-3.610567255;Miércoles;Tarde;14:00;15:30;https://goo.gl/maps/g2CFqGiz9Wkfsxcj9;http://run.gob.es/PuntoMOVILResiduos
Punto Limpio Móvil;Calle Cordel de Pavones, 46 ;;Calle;Cordel de Pavones;número;46;19;VICALVARO;447409,97;4472099,07;40.39783703;-3.619708485;Jueves;Mañana;10:30;12:00;https://goo.gl/maps/85QxiiSEihpZ3AAy5;http://run.gob.es/PuntoMOVILResiduos
Punto Limpio Móvil;Bulevar Indalecio Prieto, 9 ;;Bulevar;Indalecio Prieto;número;9;19;VICALVARO;447398,27;4472699,83;40.40324833;-3.619895988;Jueves;Mañana;12:15;13:45;https://goo.gl/maps/uuGFVq3W6RbSh77F7;http://run.gob.es/PuntoMOVILResiduos
Punto Limpio Móvil;Calle Minerva,  Intersección con Calle Campo de la Torre, 19;Intersección con Calle Campo de la Torre, 19;Calle;Minerva;número;;19;VICALVARO;448630,35;4471993,27;40.39696013;-3.605319994;Jueves;Mañana;7:00;8:30;https://goo.gl/maps/hkQxexZYNc3ddGgj9;http://run.gob.es/PuntoMOVILResiduos
Punto Limpio Móvil;Calle Minerva, 7 ;;Calle;Minerva;número;7;19;VICALVARO;449254,82;4472752,19;40.40383525;-3.598022415;Miércoles;Tarde;17:30;19:00;https://goo.gl/maps/G5UztoHFe5NvkT6x7;http://run.gob.es/PuntoMOVILResiduos
Punto Limpio Móvil;Calle Pergamino,  Frente al número 30;Frente al número 30;Calle;Pergamino;número;;19;VICALVARO;447068,35;4471749,02;40.39466194;-3.623704718;Jueves;Mañana;8:45;10:15;https://goo.gl/maps/JujuD4pn8Mk8CNdx6;http://run.gob.es/PuntoMOVILResiduos
Punto Limpio Móvil;Calle Villardondiego, 39-41 ;;Calle;Villardondiego;número;39-41;19;VICALVARO;448405,20;4472827,04;40.40445729;-3.60804054;Miércoles;Tarde;15:45;17:15;https://goo.gl/maps/jrH7JKZ3a36xz84i7;http://run.gob.es/PuntoMOVILResiduos
Punto Limpio Móvil;calle Albarracín, , 35 Edificio Ayuntamiento de Madrid;Edificio Ayuntamiento de Madrid;calle;Albarracín, ;número;35;20;SAN BLAS - CANILLEJAS;446527,99;4475878,75;40.4318305270171;-3.63041864358532;Jueves;Mañana;12:15;13:45;https://goo.gl/maps/VohQkC9y1xD1a343A;http://run.gob.es/PuntoMOVILResiduos
Punto Limpio Móvil;Calle Albericia,  Intersección con Calle Arcos del Jalón;Intersección con Calle Arcos del Jalón;Calle;Albericia;número;;20;SAN BLAS - CANILLEJAS;447785,80;4475053,34;40.42447465;-3.615522535;Jueves;Tarde;15:45;17:15;https://goo.gl/maps/ZKEAEq3yTgUSYaKE7;http://run.gob.es/PuntoMOVILResiduos
Punto Limpio Móvil;Calle Boltaña, 20 ;;Calle;Boltaña;número;20;20;SAN BLAS - CANILLEJAS;447977,19;4477307,56;40.44479404;-3.613450944;Sabado;Mañana;8:45;10:15;https://goo.gl/maps/SunPAWQn8AxwcuVS8;http://run.gob.es/PuntoMOVILResiduos
Punto Limpio Móvil;Calle Carpintería,  Intersección con Calle Amposta;Intersección con Calle Amposta;Calle;Carpintería;número;;20;SAN BLAS - CANILLEJAS;447187,13;4475180,25;40.42558013;-3.622589994;Miércoles;Mañana;12:15;13:45;https://goo.gl/maps/zFWgjL6EKq6jBums7;http://run.gob.es/PuntoMOVILResiduos
Punto Limpio Móvil;Calle Castillo de Uclés,  Intersección con Calle Castillo de Simancas y frente a Calle Yuncos, 1;Intersección con Calle Castillo de Simancas y frente a Calle Yuncos, 1;Calle;Castillo de Uclés;número;;20;SAN BLAS - CANILLEJAS;447136,02;4475688,59;40.43015635;-3.623234722;Miércoles;Mañana;8:45;10:15;https://goo.gl/maps/pSf69wL4WKj8nGtr7;http://run.gob.es/PuntoMOVILResiduos
Punto Limpio Móvil;Avenida Fermina Sevillano, 26 ;;Avenida;Fermina Sevillano;número;26;20;SAN BLAS - CANILLEJAS;451740,97;4477286,90;40.44483484;-3.56906922;Viernes;Mañana;7:00;8:30;https://goo.gl/maps/HKGQgCn1CrHT2wx68;http://run.gob.es/PuntoMOVILResiduos
Punto Limpio Móvil;Avenida Guadalajara,  Intersección con Calle San Román del Valle;Intersección con Calle San Román del Valle;Avenida;Guadalajara;número;;20;SAN BLAS - CANILLEJAS;447314,62;4474482,15;40.41929933;-3.621029333;Jueves;Tarde;14:00;15:30;https://goo.gl/maps/V1iUrc4RR55bfE9n9;http://run.gob.es/PuntoMOVILResiduos
Punto Limpio Móvil;Avenida Hellin, 17 ;;Avenida;Hellin;número;17;20;SAN BLAS - CANILLEJAS;447762,06;4475755,67;40.43080013;-3.615859994;Miércoles;Mañana;10:30;12:00;https://goo.gl/maps/CwpagervNwcr18SCA;http://run.gob.es/PuntoMOVILResiduos
Punto Limpio Móvil;Avenida Hermanos García Noblejas, 1 ;;Avenida;Hermanos García Noblejas;número;1;20;SAN BLAS - CANILLEJAS;445922,76;4476537,04;40.43772165;-3.637609719;Miércoles;Mañana;7:00;8:30;https://goo.gl/maps/MzhH4H3H7WExGWcbA;http://run.gob.es/PuntoMOVILResiduos
Punto Limpio Móvil;Calle Nicolasa Gómez,  Frente al número 80;Frente al número 80;Calle;Nicolasa Gómez;número;;20;SAN BLAS - CANILLEJAS;448113,18;4476603,52;40.43846013;-3.611789994;Sabado;Mañana;10:30;12:00;https://goo.gl/maps/t2jY1Lp6vSx2Gs9k6;http://run.gob.es/PuntoMOVILResiduos
Punto Limpio Móvil;Avenida Niza, 25 En el tramo de vía entre los números 13 y 25;En el tramo de vía entre los números 13 y 25;Avenida;Niza;número;25;20;SAN BLAS - CANILLEJAS;448518,74;4475431,44;40.42792648;-3.606913356;Jueves;Tarde;17:30;19:00;https://goo.gl/maps/qMUjh4BvzJ46ddg3A;http://run.gob.es/PuntoMOVILResiduos
Punto Limpio Móvil;Avenida Segunda,  Frente al número 5 aproximadamente;Frente al número 5 aproximadamente;Avenida;Segunda;número;;20;SAN BLAS - CANILLEJAS;449598,47;4477580,64;40.44735399;-3.594355582;Viernes;Mañana;8:45;10:15;https://goo.gl/maps/K6HKFrcMykaF8hTd9;http://run.gob.es/PuntoMOVILResiduos
Punto Limpio Móvil;Calle Sofía,  Intersección con Calle Bélgica, 205;Intersección con Calle Bélgica, 205;Calle;Sofía;número;;20;SAN BLAS - CANILLEJAS;448969,61;4475577,51;40.42927013;-3.601609994;Jueves;Tarde;19:15;20:45;https://goo.gl/maps/nXovtMEN6bjRCi3M9;http://run.gob.es/PuntoMOVILResiduos
Punto Limpio Móvil;Calle Tampico, 79 ;;Calle;Tampico;número;79;20;SAN BLAS - CANILLEJAS;446094,48;4477316,37;40.44475344;-3.635651261;Sabado;Mañana;7:00;8:30;https://goo.gl/maps/RX4jX781uARmG7d2A;http://run.gob.es/PuntoMOVILResiduos
Punto Limpio Móvil;Paseo Alameda de Osuna, , 50 ;;Paseo;Alameda de Osuna, ;número;50;21;BARAJAS;449316,50;4478388,17;40.4546115269435;-3.59774492487677;Jueves;Tarde;17:30;19:00;https://goo.gl/maps/ExmFAxqYELKTLphG7;http://run.gob.es/PuntoMOVILResiduos
Punto Limpio Móvil;Calle Babilonia, 33 ;;Calle;Babilonia;número;33;21;BARAJAS;450420,08;4479808,83;40.46747627;-3.584841288;Jueves;Tarde;19:15;20:45;https://goo.gl/maps/5rFXeMMG7ps6wKAg8;http://run.gob.es/PuntoMOVILResiduos
Punto Limpio Móvil;Calle Bahia de Cádiz, 32 ;;Calle;Bahia de Cádiz;número;32;21;BARAJAS;449612,88;4479406,74;40.46380544;-3.594330551;Jueves;Tarde;17:30;19:00;https://goo.gl/maps/UuPdvyEu8QoVbnVg6;http://run.gob.es/PuntoMOVILResiduos
Punto Limpio Móvil;Avenida Logroño , 160-162 Entrada Residencial El Capricho;Entrada Residencial El Capricho;Avenida;Logroño ;número;160-162;21;BARAJAS;450664,16;4480634,97;40.4749331667577;-3.58202653065271;Jueves;Tarde;19:15;20:45;https://goo.gl/maps/wMWqxJJe5LyTCP3u5;http://run.gob.es/PuntoMOVILResiduos
Punto Limpio Móvil;Avenida Manuel Fraga Iribarne, 35 ;;Avenida;Manuel Fraga Iribarne;número;35;21;BARAJAS;448402,34;4482129,60;40.48826013;-3.608829994;Jueves;Tarde;14:00;15:30;https://goo.gl/maps/cYRHVSZfXZ9hjTTGA;http://run.gob.es/PuntoMOVILResiduos
Punto Limpio Móvil;Plaza Mayor de Barajas, 19 ;;Plaza;Mayor de Barajas;número;19;21;BARAJAS;451060,24;4480473,35;40.47350059;-3.57734166;Martes;Mañana;12:15;13:45;https://goo.gl/maps/yEKbmnSKNGTU8wJC9;http://run.gob.es/PuntoMOVILResiduos
Punto Limpio Móvil;Plaza Navío, 1 ;;Plaza;Navío;número;1;21;BARAJAS;450116,69;4478506,26;40.45572379;-3.588317484;Martes;Mañana;8:45;10:15;https://goo.gl/maps/hVhTWsaHN4wYwH7N9;http://run.gob.es/PuntoMOVILResiduos
Punto Limpio Móvil;Calle Playa de Zarauz, 1 ;;Calle;Playa de Zarauz;número;1;21;BARAJAS;449780,61;4480454,48;40.47325425;-3.592435163;Jueves;Tarde;15:45;17:15;https://goo.gl/maps/pBjeZCN4ihNSBakEA;http://run.gob.es/PuntoMOVILResiduos
Punto Limpio Móvil;Calle Pradoluengo, 243 ;;Calle;Pradoluengo;número;243;21;BARAJAS;450648,62;4478009,91;40.45128409;-3.582005708;Martes;Mañana;7:00;8:30;https://goo.gl/maps/r6jSq1NP6mWufRXU9;http://run.gob.es/PuntoMOVILResiduos
Punto Limpio Móvil;calle Ribera del Sena, 21 esquina con Estrasburgo Edificio Ayuntamiento de Madrid;esquina con Estrasburgo Edificio Ayuntamiento de Madrid;calle;Ribera del Sena;número;21;21;BARAJAS;447632,56;4479217,25;40.4619759490284;-3.61767209392875;Jueves;Tarde;14:00;15:30;https://goo.gl/maps/Z9K2MKmaFGtoWtSm6;http://run.gob.es/PuntoMOVILResiduos
Punto Limpio Móvil;Calle Rioja, 27 ;;Calle;Rioja;número;27;21;BARAJAS;450374,70;4478971,54;40.45993074;-3.585311084;Martes;Mañana;10:30;12:00;https://goo.gl/maps/1t9zjPPhqbdAKqxV8;http://run.gob.es/PuntoMOVILResiduos
